motif_id,Odds_Ratio,P_Value,Foreground_Count,Background_Count,Adj_P_Value,motif_alt_id
MA0001.3,1.0011013032391318,1.0,593,553,1.0,AGL3
MA0005.3,0.9445428742644733,0.33788809612871096,598,591,0.857663300107687,AG
MA0008.4,0.9762083069571135,0.6270726204259436,869,831,0.9548974835667107,HAT5
MA0034.2,1.0756684448922076,0.5615394269805782,159,138,0.9330331158728792,Gam1
MA0054.1,0.9584253198737556,0.5614447693464525,385,375,0.9330331158728792,myb.Ph3
MA0082.2,1.0693363577202837,0.08456999683985965,1428,1247,0.5593900183357746,squamosa
MA0096.1,0.9566135698867861,0.8148037488756066,83,81,0.9979676925639887,bZIP910
MA0097.1,1.0121982028402112,0.9019674157220551,309,285,1.0,bZIP911
MA0110.4,1.0459704832439394,0.4083723894381751,745,665,0.8896235437607014,ATHB-5
MA0121.2,0.9964073268365138,1.0,111,104,1.0,ARR10
MA0123.1,0.8603162521035723,0.31703389848941405,94,102,0.8536741104218064,abi4
MA0128.1,1.049140458164857,0.5515243179733649,336,299,0.9330331158728792,EmBP-1
MA0129.1,1.1622532409106405,0.28069422708358194,122,98,0.8119327170544471,TGA1A
MA0548.3,0.9856899919306441,0.7470203639762742,1115,1056,0.981220253557993,AGL15
MA0549.2,1.0166254689427574,0.8121844820820379,453,416,0.9979676925639887,BZR2
MA0550.3,1.03935722786298,0.6670948520946859,285,256,0.9548974835667107,BZR1
MA0551.2,1.0458230517264109,0.4836597716509038,522,466,0.9053561594897231,HY5
MA0553.1,0.9914009941890051,0.9478489520719863,120,113,1.0,SMZ
MA0554.2,1.0391816317843445,0.293766873870555,1616,1452,0.8319477868014117,SOC1
MA0555.2,0.9490482536594399,0.20541341493004434,1214,1194,0.7129053812278009,SVP
MA0556.2,0.9605541472695925,0.33388983076091916,1205,1171,0.857663300107687,AP3
MA0557.2,1.1785147699956853,0.18517634970227959,154,122,0.701521379667639,FHY3
MA0558.2,1.0233545255743093,0.5196528795450299,1643,1499,0.9238814193852523,FLC
MA0559.1,1.0112631018316476,0.673352573687296,3023,2791,0.9548974835667107,PI
MA0560.2,1.050843131324683,0.606797266780836,242,215,0.9548732385695337,PIF3
MA0561.1,1.07392752760898,0.30936856460647943,467,406,0.8432604508379036,PIF4
MA0562.1,1.005588548038699,0.9419133565608551,391,363,1.0,PIF5
MA0563.2,0.9929754600445556,0.882100788398678,1153,1084,1.0,SEP3
MA0565.3,0.7614438042359943,0.001594416459053264,248,304,0.04341718665421965,FUS3
MA0566.1,1.0846605200198862,0.34242381872608124,316,272,0.857663300107687,MYC2
MA0567.1,0.8233590054685165,0.08011107819999655,157,178,0.5472706498522384,ERF1B
MA0569.2,1.0457490895475055,0.5273721909072857,429,383,0.9238814193852523,MYC4
MA0570.3,0.9954394535579031,0.950964031697381,547,513,1.0,ABF1
MA0571.2,0.928323054329554,0.4914276881258327,178,179,0.9053561594897231,ANT
MA0573.2,0.9919143065864826,0.9306307112053148,272,256,1.0,ATHB-9
MA0574.1,1.3243844686221684,0.010803015176756733,200,141,0.15934447385716183,MYB15
MA0575.2,0.9805788176029671,0.905654031561808,146,139,1.0,MYB77
MA0576.2,1.0777150520622856,0.5389818205688213,172,149,0.9291186563955205,RAX3
MA0577.4,1.0490791692181223,0.7804105675519668,109,97,0.9919760894556418,SPL3
MA0578.1,0.9948412923830999,0.9511870721806155,552,518,1.0,SPL8
MA0579.2,1.0040306511524932,1.0,57,53,1.0,CDC5
MA0580.1,1.1714943252888306,0.03423000627431143,404,322,0.33198417044126705,DYT1
MA0584.2,1.050352164170919,0.40326805669769555,639,568,0.8866887706272313,SEP1
MA0585.2,0.8797178081568319,0.07275380998438266,393,417,0.5256091578463563,AGL1
MA0586.3,1.189878593474251,0.4031533859003293,65,51,0.8866887706272313,SPL14
MA0587.2,0.7591453073850556,0.01797042613059406,135,166,0.21205102834100992,TCP16
MA0588.2,0.9088304002552007,0.3783751163729571,184,189,0.8727123486522969,TGA1
MA0589.2,1.1861380776965633,0.07907908704326555,249,196,0.5472706498522384,WRKY1
MA0590.1,1.0318599625212446,0.7641955867458139,210,190,0.9854508966992043,LFY
MA0930.3,1.0705110160228126,0.3452065756279693,438,382,0.857663300107687,ABF3
MA0931.2,1.0375686739278975,0.5733137029019473,539,485,0.9367004837264522,ABI5
MA0932.1,1.0903474545798226,0.006313808571941373,2176,1864,0.11763622286669717,AHL12
MA0933.1,1.0311164364068286,0.3208879392522244,2266,2052,0.857663300107687,AHL20
MA0934.1,0.9867640337162391,0.6914209297785356,1890,1788,0.9548974835667107,AHL25
MA0935.1,0.8538570695510648,0.12257465983700674,193,211,0.6381075621960945,NAC025
MA0936.1,0.9070542978072302,0.4354180210074081,137,141,0.9053561594897231,NAC046
MA0937.1,1.1738800204479802,0.08612077965903875,259,206,0.5593900183357746,NAC055
MA0938.3,1.1473851964469015,0.010514613255322243,779,634,0.1583903443567691,NAC058
MA0939.1,0.9116624248236975,0.48902198469411545,125,128,0.9053561594897231,NAC079
MA0940.1,1.0650205136492135,0.014679219701703888,3261,2860,0.19609221790200665,AP1
MA0941.2,1.0418474011069614,0.5217090591745775,568,509,0.9238814193852523,ABF2
MA0942.2,1.1055951109276385,0.37965452455495396,180,152,0.8727123486522969,ARF1
MA0943.2,1.1055951109276385,0.37965452455495396,180,152,0.8727123486522969,ARF5
MA0946.1,0.9116569371690857,0.23282587916391034,334,342,0.7702837497572361,ARR11
MA0947.1,0.9265271805712364,0.5393612539245183,132,133,0.9291186563955205,ARR14
MA0948.2,0.7667926309585282,0.03844464237385031,115,140,0.3534909974115068,ARR18
MA0949.2,0.9473804834672068,0.4612107055652687,410,404,0.9053561594897231,ARR2
MA0950.1,0.9847353248395765,0.8189722786860119,481,456,0.9979676925639887,ATHB-12
MA0951.1,0.988518611970614,0.8176542687305401,971,917,0.9979676925639887,ATHB-16
MA0952.1,1.019908842638987,0.7167916725357205,780,714,0.9640150301504968,ATHB-51
MA0953.2,1.0500360988233295,0.49276596863558425,451,401,0.9053561594897231,ATHB-6
MA0954.3,1.021890103067443,0.6944002413417046,764,698,0.9548974835667107,ATHB-7
MA0957.1,1.0201454614842167,0.8112799782293685,330,302,0.9979676925639887,BHLH3
MA0958.1,1.0878268649106178,0.27527954437786684,381,327,0.8119327170544471,BHLH13
MA0959.1,1.3694081518558996,0.008743567982531592,176,120,0.1473915745626754,AIB
MA0960.1,1.0200321249321387,0.8176059064959886,354,324,0.9979676925639887,BHLH104
MA0961.2,1.1767300604262063,0.12437689771618793,213,169,0.6381075621960945,bHLH112
MA0962.2,1.0404459149997944,0.748627749650007,185,166,0.981220253557993,bHLH34
MA0963.1,2.6842209219553026,0.0004927741867515201,46,16,0.02907367701833969,bHLH78
MA0964.3,0.9650835346280368,0.6833460874884989,306,296,0.9548974835667107,BIM1
MA0967.1,1.0839526593108593,0.3755354203096418,274,236,0.8727123486522969,BZIP60
MA0968.3,1.0237694534779405,0.7098339425224232,545,497,0.9609224307951733,BZIP68
MA0971.2,1.1430199327840667,0.33058513176369125,131,107,0.857663300107687,DREB1A
MA0972.1,0.9459229910004971,0.31482140898577016,684,675,0.8536741104218064,CCA1
MA0973.2,0.9981619843533723,0.9681004182690911,1298,1214,1.0,CDF2
MA0974.3,0.9436373258779084,0.33632357864383355,558,552,0.857663300107687,CDF3
MA0975.1,0.8630610711327792,0.20824611648703945,147,159,0.7192109779162142,CRF2
MA0976.3,0.759151850663383,0.0014739813529938224,244,300,0.04341718665421965,CRF4
MA0977.1,0.9915997593607244,0.8802787803194827,820,772,1.0,DOF2.5
MA0978.1,1.0511529680199885,0.6797174716653435,152,135,0.9548974835667107,DREB1E
MA0980.3,1.1055951109276385,0.37965452455495396,180,152,0.8727123486522969,RAP2-10
MA0986.1,1.1481958618196113,0.2049086699707582,198,161,0.7129053812278009,DREB2C
MA0990.2,1.0226622583753016,0.6840538603976107,712,650,0.9548974835667107,HDG11
MA0992.3,0.8135879583559644,0.025271369463069834,224,257,0.27109287242202185,ERF4
MA0994.3,0.7958073504887148,0.004380499015619377,295,346,0.09121745008995644,ERF8
MA0995.3,1.1055951109276385,0.37965452455495396,180,152,0.8727123486522969,ERF039
MA1000.3,0.7617579039428318,0.0013320763709243257,253,310,0.04341718665421965,ERF105
MA1001.4,0.7493382197082277,0.0012232478934211199,228,284,0.04341718665421965,ERF076
MA1004.2,0.8465346472901766,0.1533169824883765,146,161,0.6762491810941367,ERF13
MA1005.3,0.8389875368786902,0.05820157019060658,222,247,0.46825808744260744,ERF082
MA1006.2,0.8306084712387449,0.1555995058290712,113,127,0.6762491810941367,ERF6
MA1007.1,1.1639327716479293,0.17302949343783136,187,150,0.6968486317680407,PHYPADRAFT_173530
MA1008.2,1.1670300750899174,0.22318974666590735,150,120,0.7560686154998201,PHYPADRAFT_182268
MA1009.1,0.9503205349220388,0.6628667336753413,170,167,0.9548974835667107,ARF3
MA1010.2,1.1139833077887895,0.3083253659549259,210,176,0.8432604508379036,PHYPADRAFT_64121
MA1012.1,1.014322467727278,0.7188875618279044,1458,1342,0.9640150301504968,AGL27
MA1013.1,0.8999201552950324,0.23034743360085264,268,278,0.768422944847743,GATA10
MA1014.1,0.996469259959493,0.966961519088334,301,282,1.0,GATA11
MA1019.2,0.9777542852256833,0.8717983247217105,177,169,1.0,Glyma19g26560.1
MA1020.1,0.9565490132598399,0.5558392212275052,374,365,0.9330331158728792,GT-1
MA1021.2,1.0804473976135192,0.6136544117925675,103,89,0.9548732385695337,PHYPADRAFT_48267
MA1023.1,1.076647671505424,0.5815973341267345,143,124,0.9367004837264522,PHYPADRAFT_28324
MA1024.2,1.0585162909588346,0.36731395150698537,551,486,0.8727123486522969,HAT1
MA1025.2,1.0595347078736683,0.479450919542061,345,304,0.9053561594897231,HBI1
MA1026.3,0.9774146807126949,0.5909302866442221,1202,1148,0.9465580157106545,ATHB-15
MA1028.1,0.7483450126954542,0.003282142240873264,186,232,0.07261739707932097,KAN4
MA1030.2,0.9733770602471687,0.7176653793749875,391,375,0.9640150301504968,P0510F09.23
MA1032.2,0.9565143147189371,0.7503803748132842,125,122,0.981220253557993,DREB1G
MA1033.1,1.028102734242982,0.6635827790267403,544,494,0.9548974835667107,OJ1058_F05.8
MA1034.1,0.8620902444646383,0.16584525774019976,169,183,0.6952120924932368,Os05g0497200
MA1035.1,0.9165625292690069,0.4388684248779232,162,165,0.9053561594897231,TCP4
MA1036.1,1.003323040464795,1.0,187,174,1.0,MYB111
MA1037.2,1.0009969347379746,1.0,193,180,1.0,MYB24
MA1038.2,0.9811342248634648,0.8673191814351502,165,157,1.0,MYB3
MA1039.1,1.0552289980358365,0.5523521685122387,295,261,0.9330331158728792,MYB4
MA1040.1,0.9738500948856718,0.7688288185857622,290,278,0.9854508966992043,MYB46
MA1041.1,0.8888276533476266,0.2726609443479463,179,188,0.8119327170544471,MYB55
MA1042.1,1.0241879943073084,0.8224071044835523,260,237,0.9979676925639887,MYB59
MA1043.2,0.8090567323547486,0.18925223660525287,78,90,0.701521379667639,NAC083
MA1044.2,0.873550396469089,0.1725494748395243,204,218,0.6968486317680407,NAC92
MA1045.2,0.9101868468966668,0.3648126243664297,195,200,0.8727123486522969,NAC043
MA1046.1,1.088068392886105,0.31711340542504957,310,266,0.8536741104218064,NTL9
MA1047.3,1.0597759734670942,0.5231986244220568,294,259,0.9238814193852523,TGA5
MA1048.1,1.1485015148011168,0.25700011683785384,155,126,0.7945680468174695,ERF018
MA1049.2,0.8465346472901766,0.1533169824883765,146,161,0.6762491810941367,ERF094
MA1050.1,0.8792433694438033,0.2502846925839304,162,172,0.78407770951072,OsI_08196
MA1051.1,0.9129481216309758,0.46454245096546165,133,136,0.9053561594897231,RAP2-3
MA1053.1,0.7822919238683317,0.05460897780828982,119,142,0.45568472832978313,ERF109
MA1054.2,0.7116171715292827,0.0014414121674389921,154,202,0.04341718665421965,ARALYDRAFT_897773
MA1055.3,1.0125709612856733,0.9515497593899181,141,130,1.0,SPL1
MA1056.2,0.9076139618228328,0.49343013494286014,105,108,0.9053561594897231,SPL11
MA1059.3,1.0629966833508737,0.6831096172363363,115,101,0.9548974835667107,SPL5
MA1061.2,1.0595347078736683,0.479450919542061,345,304,0.9053561594897231,SPT
MA1062.3,1.2032871135265841,0.05920589214642598,241,187,0.4709861981985347,TCP15
MA1063.2,1.159960635376201,0.22183504540416854,164,132,0.7560686154998201,TCP19
MA1064.2,0.7747671176423025,0.016021792969608012,166,200,0.1990075337277627,TCP2
MA1065.3,1.1585090280399464,0.1338130021427372,237,191,0.6605879909003189,TCP20
MA1066.1,0.868611485134572,0.18800971040350306,174,187,0.701521379667639,TCP23
MA1067.1,0.9150633095010495,0.5714471344824188,99,101,0.9367004837264522,TCP5
MA1068.3,1.132559611062194,0.1690699915687892,279,230,0.6959392676203648,TGA2
MA1069.3,1.0810708780318998,0.27845307655438883,440,380,0.8119327170544471,TGA6
MA1070.3,1.0761618164056956,0.39933300666903565,302,262,0.8866887706272313,TGA7
MA1074.2,1.0005075154814769,1.0,284,265,1.0,UNE10
MA1075.1,1.07754111245849,0.39141704202669003,292,253,0.8855392520137562,WRKY12
MA1076.3,1.1037047329774077,0.24021384434029192,331,280,0.775688598413404,WRKY15
MA1078.2,1.206242686545681,0.10163562863520105,177,137,0.5756642005897787,WRKY2
MA1079.3,1.0745302907428813,0.18477860800982338,763,663,0.701521379667639,WRKY21
MA1080.1,1.0078409645483086,0.9410165121182941,380,352,1.0,WRKY23
MA1081.3,1.064338784522312,0.40036323152330044,399,350,0.8866887706272313,WRKY25
MA1083.3,1.1092339770916793,0.15887693115019538,417,351,0.6776196822550502,WRKY30
MA1084.1,1.1203746657099993,0.2019555334180519,282,235,0.7129053812278009,WRKY38
MA1087.3,1.0957770253461203,0.06725178568339582,886,755,0.5012027817246761,WRKY45
MA1090.2,1.206242686545681,0.10163562863520105,177,137,0.5756642005897787,WRKY60
MA1091.1,1.0903221076455,0.17970626154617725,529,453,0.701521379667639,WRKY62
MA1093.2,1.206242686545681,0.10163562863520105,177,137,0.5756642005897787,WRKY75
MA1094.3,1.0813630001998022,0.14560205813367622,769,664,0.6725101988042739,WRKY8
MA1095.1,1.2096657845700527,0.13920149613174826,149,115,0.6725101988042739,ARALYDRAFT_495258
MA1096.1,1.0072779518391668,0.955171105402246,164,152,1.0,ARALYDRAFT_496250
MA1097.1,0.6875005758706406,0.0017930360569943832,123,167,0.04701738993896382,ARALYDRAFT_493022
MA1098.1,1.2096657845700527,0.13920149613174826,149,115,0.6725101988042739,ARALYDRAFT_484486
MA1156.2,1.0011975092904868,0.9736604914657332,1910,1781,1.0,JKD
MA1157.2,0.9767964084473826,0.616967267630102,993,949,0.9548974835667107,NUC
MA1158.2,0.9948527634291369,0.9118015162077837,1055,990,1.0,MGP
MA1159.2,1.0229963953477152,0.4551188260034831,2360,2154,0.9053561594897231,SGR5
MA1160.2,1.0177103169062398,0.5817068188747996,2119,1944,0.9367004837264522,IDD6
MA1161.1,0.9685826790073574,0.21122443579967604,3159,3044,0.7259558278940322,TSO1
MA1162.1,0.9792673466419387,0.4392848961520398,2905,2769,0.9053561594897231,TCX2
MA1163.3,0.9280888820609215,0.2373952738843544,517,520,0.775688598413404,PHL11
MA1164.2,0.91045708958554,0.1464657947071773,475,487,0.6725101988042739,HHO5
MA1165.3,1.0206274329441831,0.7502082746517295,516,472,0.981220253557993,HHO6
MA1166.2,0.9524764394792369,0.33952123130827644,802,786,0.857663300107687,PHL12
MA1167.2,0.9436732903192667,0.39156285255025786,464,459,0.8855392520137562,EFM
MA1168.2,0.9435271691003982,0.3388025856776106,564,558,0.857663300107687,MYR2
MA1169.1,0.9132338242939421,0.19621973232485915,406,415,0.7124285665948732,MYB105
MA1170.2,1.039860483059398,0.6609906471677092,274,246,0.9548974835667107,MYB118
MA1171.2,1.0418288063866805,0.7697095280715536,154,138,0.9854508966992043,MYB52
MA1172.2,1.057764830364185,0.4487628365342066,409,361,0.9053561594897231,MYB3R5
MA1173.2,0.9547847454495366,0.5016860795824818,449,439,0.9154477947020545,MYB101
MA1174.2,1.0178894783448762,0.8413742356989954,326,299,1.0,MYB56
MA1175.2,0.9480239474762006,0.5043165097137946,327,322,0.9159464207911799,MYB81
MA1176.2,0.9784428103102958,0.8462467511540028,218,208,1.0,MYB119
MA1177.2,0.8569042590488787,0.14723034013370404,179,195,0.6725101988042739,MYB65
MA1178.3,1.0772526150819701,0.4223274078492448,270,234,0.9006259179435702,MYB3R1
MA1179.2,1.0418288063866805,0.7697095280715536,154,138,0.9854508966992043,MYB1
MA1180.2,1.06476655969427,0.4521913855526675,341,299,0.9053561594897231,MYB3R4
MA1181.2,1.0163406194513436,0.8172197425728389,479,440,0.9979676925639887,MYB113
MA1182.2,1.0127746444904764,0.7934265645900754,921,849,0.9979676925639887,RVE8
MA1183.2,0.9947745719467121,0.9138001762756174,1105,1037,1.0,RVE6
MA1184.2,1.022490968475644,0.6432185244382211,978,893,0.9548974835667107,RVE1
MA1185.2,0.992640897562317,0.8871267840936048,924,869,1.0,LHY
MA1186.2,1.0050350431851436,0.9322544869451341,647,601,1.0,YAB4
MA1187.2,0.9712981736030983,0.46094819215224897,1361,1308,0.9053561594897231,RVE4
MA1188.1,0.9934084927369549,0.8799774636981322,1112,1045,1.0,At3g11280
MA1189.2,1.0180868073650355,0.7216496694629426,928,851,0.9640150301504968,AT5G61620
MA1190.2,1.012344429589893,0.7835552006248514,1170,1079,0.9941883190723921,RVE5
MA1191.2,1.0053142335431442,0.9244214930654465,925,859,1.0,RVE7L
MA1192.2,1.0491557433237948,0.4393854797226293,554,493,0.9053561594897231,DIV1
MA1193.2,0.9588703067818087,0.4004142423139303,831,809,0.8866887706272313,AT2G38090
MA1194.2,1.0563622364767202,0.23892850239581573,999,883,0.775688598413404,AT3G10580
MA1195.2,1.0455174373467155,0.3660872532380479,888,793,0.8727123486522969,AT5G56840
MA1196.2,1.007492814535157,0.8776361719213643,1077,998,1.0,AT5G05790
MA1197.2,1.1404463537248335,0.23985795869184356,193,158,0.775688598413404,CAMTA1
MA1198.2,1.0503663697395575,0.3646993731598035,747,664,0.8727123486522969,HAT2
MA1199.1,0.8777328456530099,0.010504066829108295,758,806,0.1583903443567691,AGL16
MA1203.1,0.9730627471432085,0.5979685719783272,812,779,0.9488673380055862,AGL63
MA1204.1,0.9504434529027342,0.16844946467551206,1504,1477,0.6959392676203648,AGL13
MA1205.1,0.9339639847580292,0.06839650433201501,1454,1453,0.5044242194486107,AGL6
MA1207.2,1.0788552312038286,0.1873564993826854,654,566,0.701521379667639,GT-3a
MA1208.2,0.9746354221107278,0.5949392795888853,877,840,0.9473018396979508,GT-2
MA1209.2,1.0397823344854058,0.3086886590160878,1490,1338,0.8432604508379036,ATHB-20
MA1210.3,0.9927526908787774,0.8991705212420564,805,757,1.0,HAT22
MA1211.2,1.031449730255595,0.46564158795184757,1213,1098,0.9053561594897231,ATHB-X
MA1212.2,0.9947404396348614,0.9226355634609582,878,824,1.0,ATHB-13
MA1213.3,0.9849675775188692,0.7716808734820418,881,835,0.9861914412008767,ZHD3
MA1214.2,1.0086008391048555,0.8475774000168921,1143,1058,1.0,ATHB-40
MA1215.2,1.0215208740398447,0.5731101855727143,1488,1360,0.9367004837264522,ATHB-53
MA1218.2,1.1120159317909608,0.33190694975055723,187,157,0.857663300107687,DREB1D
MA1219.3,0.9797273463117592,0.8764852066270231,191,182,1.0,ERF011
MA1220.2,1.126982613101954,0.2546658207556076,204,169,0.7942881105505295,TINY
MA1221.1,0.7377392741426925,3.591635769620268e-05,332,420,0.008476260416303833,RAP2-6
MA1222.1,0.9229468848703669,0.2378891635528784,438,443,0.775688598413404,ERF014
MA1223.2,1.1922911765817277,0.1139213440349942,189,148,0.6129680299531076,ERF035
MA1225.1,0.7943381760550385,0.0001920587101470116,486,571,0.015108618531564913,ERF5
MA1226.2,0.8711973434320499,0.049029037014157666,406,435,0.4285501013089337,DREB2G
MA1227.3,1.1055951109276385,0.37965452455495396,180,152,0.8727123486522969,ERF027
MA1228.2,0.7114154656915799,1.003858340679965e-05,295,387,0.004796631632875782,ERF091
MA1229.2,1.14996620021371,0.19105737235229417,202,164,0.7045240605490848,ERF034
MA1230.2,1.2178045654005463,0.08214454746174871,180,138,0.5486635811596046,ERF037
MA1231.3,0.8208278725708976,0.07665919073242095,153,174,0.5427470703855403,ERF15
MA1232.2,0.9192418022707252,0.4170911241922741,193,196,0.8983619007419013,ERF054
MA1233.3,1.0025300577560416,1.0,189,176,1.0,ERF021
MA1234.2,0.895310650578675,0.325155152462997,164,171,0.857663300107687,ERF017
MA1235.1,1.178634537876237,0.14562116031960531,178,141,0.6725101988042739,AIL7
MA1238.3,1.0873130790254184,0.4571612692508584,191,164,0.9053561594897231,ERF038
MA1239.2,0.7653511727610586,0.0001710622690511577,360,439,0.015108618531564913,ERF104
MA1240.2,0.7683259000912963,0.0013926858746236507,270,328,0.04341718665421965,ERF077
MA1241.2,1.1670518602764526,0.15436929636413155,200,160,0.6762491810941367,ERF043
MA1242.1,0.8839507470380006,0.09015122548122455,375,396,0.5734017316677517,DREB2F
MA1243.2,1.0313452560716205,0.7647957997242437,211,191,0.9854508966992043,DREB2E
MA1244.2,0.8289829637257065,0.035551864058946836,246,277,0.3359614051553014,ABR1
MA1245.3,0.8566512745302579,0.0953236196295871,223,243,0.5756642005897787,ERF112
MA1246.2,0.7709245274775008,0.0012772800132387623,280,339,0.04341718665421965,LEP
MA1247.2,0.7686718532392803,0.0019680040865279495,252,306,0.049072820244835044,ERF087
MA1248.2,0.9631200277152848,0.7056554941210236,228,221,0.9570959575434572,ERF012
MA1250.2,0.8628865555442455,0.03203309066984138,416,450,0.31631623853755525,DREB2D
MA1251.2,0.9873310461418718,0.9196106433580798,202,191,1.0,RAP2-9
MA1252.2,0.8040324598810691,0.010105915327641175,261,303,0.1583903443567691,ERF086
MA1253.2,1.1251350459632818,0.2809654176247734,188,156,0.8119327170544471,ERF036
MA1256.2,0.7995719908439869,0.015305727410890379,221,258,0.198112806442541,RAP2-12
MA1257.2,0.7642711860195953,1.3549806872530458e-05,475,580,0.004796631632875782,ERF9
MA1258.2,1.1024685646602645,0.34766859764252284,222,188,0.857663300107687,DREB2A
MA1259.2,1.0508844095520975,0.6266929768562505,224,199,0.9548974835667107,ERF023
MA1260.2,0.9512425159017422,0.6278241918992404,215,211,0.9548974835667107,ERF013
MA1261.2,0.8385430568693819,0.06514359678466221,212,236,0.49673161410372124,ERF122
MA1262.2,0.7402765934195026,4.875618164473463e-05,326,411,0.00862984415111803,ERF2
MA1263.2,1.0446152305951446,0.6860612155965782,207,185,0.9548974835667107,ERF055
MA1264.2,0.7493675633806565,9.489810344113557e-05,330,411,0.011197976206053997,ERF095
MA1265.3,0.9494613730384301,0.6329496376707358,179,176,0.9548974835667107,ERF015
MA1266.2,0.6991970234564793,6.817182314908654e-05,215,287,0.009653130157910654,RAP2-11
MA1267.2,1.0067528511574115,0.7245256334217579,5813,5391,0.9660341778956772,DOF5.8
MA1268.2,1.026067052547232,0.198750421301504,5355,4874,0.7129053812278009,CDF5
MA1269.2,0.9470503076500081,0.1775580514052201,1249,1231,0.701521379667639,DOF4.5
MA1270.2,1.0053968199788075,0.8483051327449112,2801,2601,1.0,DOF3.2
MA1273.2,1.0286540586132165,0.3835868169670058,2026,1839,0.8788979495554696,DOF4.2
MA1274.1,1.0314709623050133,0.01888333416479862,12477,11304,0.2156354933657649,DOF3.6
MA1275.2,0.9451815057843421,0.24212878566294105,886,875,0.775688598413404,DOF1.6
MA1276.2,0.9981619843533723,0.9681004182690911,1298,1214,1.0,DOF3.5
MA1277.2,1.0147654319738457,0.5934694572754371,2803,2579,0.9473018396979508,DOF1.7
MA1278.2,1.0120998046504615,0.6086586230224482,3885,3584,0.9548732385695337,DOF3.4
MA1279.2,1.0165514831554319,0.5349873694562406,3018,2772,0.9291186563955205,DOF1.5
MA1280.2,0.9981619843533723,0.9681004182690911,1298,1214,1.0,DOF5.4
MA1281.2,1.0129986934940458,0.48335374774996687,6393,5893,0.9053561594897231,DOF5.1
MA1282.2,0.9664311840632486,0.8138871824561807,147,142,0.9979676925639887,TCP13
MA1283.2,1.0799601034737714,0.45264828381496836,214,185,0.9053561594897231,TCP14
MA1284.2,1.1982905971320637,0.12699110430681748,163,127,0.6468323874045092,TCP1
MA1285.2,1.064892389353521,0.5536255115668185,219,192,0.9330331158728792,TCP9
MA1286.2,0.9452183127062168,0.6162168428591493,162,160,0.9548974835667107,TCP24
MA1287.2,1.0121466622868664,0.9223201869833114,219,202,1.0,TCP21
MA1288.2,1.111711971414597,0.3286787716606961,206,173,0.857663300107687,TCP22
MA1289.2,1.0520305002273027,0.6785992900933541,151,134,0.9548974835667107,TCP3
MA1290.1,0.9715527282746144,0.7896777692060539,179,172,0.9979676925639887,TCP17
MA1291.1,1.1017811176734837,0.39273915979141166,190,161,0.8855392520137562,TCP7
MA1292.2,1.0053923008844048,0.9494893745571165,518,481,1.0,MYB27
MA1293.2,1.0457702007396117,0.595408642183034,317,283,0.9473018396979508,MYB57
MA1294.2,1.047239316317965,0.581119432212015,341,304,0.9367004837264522,MYB62
MA1295.2,1.0334183248715176,0.698981882979082,352,318,0.9548974835667107,WRKY20
MA1296.2,1.0899844237065117,0.1877108766717693,523,448,0.701521379667639,WRKY46
MA1297.2,1.079732998553157,0.18846678180409449,658,569,0.701521379667639,WRKY26
MA1298.2,1.1453121569905924,0.014393556472960112,731,596,0.19597380736261075,WRKY29
MA1299.2,1.1279845612573576,0.029846173601023665,726,601,0.30624769434093846,WRKY17
MA1300.2,1.0367355070319744,0.6293521593225128,382,344,0.9548974835667107,WRKY6
MA1301.2,1.107902816348465,0.07163781768421262,687,579,0.5228822156744592,WRKY33
MA1302.2,1.1043095416192648,0.1047112172882357,602,509,0.5837444239375659,WRKY65
MA1303.2,1.1128558325320044,0.06385604257852531,671,563,0.49673161410372124,WRKY22
MA1304.2,1.11156861722276,0.04152339825687654,819,688,0.37213374640339986,WRKY59
MA1305.2,1.0789402392785548,0.28566298937928636,453,392,0.8221520182135558,WRKY55
MA1306.2,1.0885645653770815,0.12934055680060413,710,609,0.6494547107434591,WRKY11
MA1307.3,1.064338784522312,0.40036323152330044,399,350,0.8866887706272313,WRKY31
MA1308.2,1.098710780216032,0.1609292866863287,486,413,0.6822630836761719,WRKY70
MA1309.1,1.1198985298054387,0.039821483323722526,728,607,0.36145654093840446,WRKY3
MA1310.2,1.0367355070319744,0.6293521593225128,382,344,0.9548974835667107,WRKY42
MA1311.3,1.206242686545681,0.10163562863520105,177,137,0.5756642005897787,WRKY28
MA1312.2,0.9836949738132769,0.8321574554253098,412,391,1.0,WRKY47
MA1313.2,1.0776634489402368,0.14371738341615448,846,733,0.6725101988042739,WRKY7
MA1314.2,1.1043095416192648,0.1047112172882357,602,509,0.5837444239375659,WRKY14
MA1315.2,1.089862250889808,0.13435687950514963,677,580,0.6605879909003189,WRKY24
MA1316.2,1.1228126553727367,0.028853741475028748,790,657,0.30041836712235814,WRKY71
MA1317.2,1.1572328577810633,0.006921177751584184,777,627,0.12438357230633049,WRKY50
MA1318.2,1.0985991444054921,0.08116302010520485,753,640,0.5472706498522384,WRKY27
MA1320.2,1.0490791692181223,0.7804105675519668,109,97,0.9919760894556418,SPL15
MA1321.2,1.005386591397623,1.0,112,104,1.0,SPL13A
MA1322.3,1.189878593474251,0.4031533859003293,65,51,0.8866887706272313,SPL9
MA1323.2,0.9572662358129347,0.5750030780540123,363,354,0.9367004837264522,GATA19
MA1324.1,0.9370243239562547,0.4621078756349031,268,267,0.9053561594897231,GATA20
MA1325.2,1.0286756132813855,0.7781922624851103,238,216,0.9919760894556418,GATA14
MA1326.2,1.054889595894987,0.4067785060469218,522,462,0.8888863650654958,ZHD5
MA1328.1,1.044958391157118,0.18154572636548913,2002,1789,0.701521379667639,ZHD9
MA1329.3,1.0179296019158033,0.646723054396158,1437,1318,0.9548974835667107,ZHD1
MA1330.2,1.0514520380843633,0.17019784375696762,1635,1452,0.6965322160689773,ZHD6
MA1331.2,1.054441481738935,0.47990594378781604,384,340,0.9053561594897231,BEH4
MA1332.2,1.0802880608636118,0.3757417676769642,302,261,0.8727123486522969,BEH2
MA1333.2,1.0815466911420129,0.2461825232665249,490,423,0.7824298733554134,BEH3
MA1334.2,0.9568742188091194,0.5821302441237839,328,320,0.9367004837264522,BZIP11
MA1335.1,0.9884775172284641,0.9073035495395002,342,323,1.0,TGA4
MA1336.2,1.0981879519035873,0.27494092311245455,307,261,0.8119327170544471,TGA3
MA1337.2,0.9071577491628556,0.23117808933978706,310,319,0.768422944847743,BZIP44
MA1338.3,0.9945918460051416,0.9300087285687118,603,566,1.0,DPBF3
MA1339.1,0.8829374614229718,0.13397313273385258,297,314,0.6605879909003189,BZIP43
MA1340.2,1.0182487892128604,0.8078611312371934,433,397,0.9979676925639887,BZIP3
MA1341.2,0.9570956203284592,0.5804738418716966,325,317,0.9367004837264522,BZIP53
MA1343.2,0.8186167475699427,0.12425744918586927,114,130,0.6381075621960945,BZIP52
MA1344.2,1.0288375534586927,0.6654698472049885,551,500,0.9548974835667107,BZIP28
MA1345.2,0.9277659160641359,0.34547939151450274,323,325,0.857663300107687,BZIP48
MA1346.2,1.0369740188461032,0.656018096280272,321,289,0.9548974835667107,TGA10
MA1348.1,1.0489537222119816,0.5793295536630163,291,259,0.9367004837264522,TGA9
MA1349.2,1.014857971680111,0.8231823904765103,512,471,0.9979676925639887,BZIP16
MA1350.1,0.8438531585324868,0.035854537901853105,292,323,0.3359614051553014,BZIP42
MA1351.3,0.9521453779763431,0.5228765143768694,358,351,0.9238814193852523,GBF3
MA1352.1,1.0416153441714096,0.3008186885981321,1390,1246,0.8393955246225534,TRP1
MA1353.2,0.9880258815821132,0.819036122909639,798,754,0.9979676925639887,AT1G72740
MA1354.1,1.0006355505535451,1.0,1134,1058,1.0,AT4G12670
MA1355.2,0.9539477439447077,0.43431653102855067,560,548,0.9053561594897231,TRB2
MA1356.1,1.0061322669267945,0.8813661684740784,1498,1390,1.0,TRP2
MA1357.2,1.1020798441776802,0.1732279084621118,445,377,0.6968486317680407,bHLH80
MA1358.2,1.0390592106852146,0.6340907499395096,335,301,0.9548974835667107,bHLH130
MA1361.2,1.0677903458815883,0.39445261803307896,390,341,0.886579217674349,bHLH18
MA1362.2,0.9932190660986302,0.9372527156516691,333,313,1.0,bHLH77
MA1363.1,1.0947259457286724,0.24949424394901087,367,313,0.78407770951072,LRL2
MA1364.2,1.0085400086166951,0.918202817001907,444,411,1.0,BHLH72
MA1365.3,0.9913929131972151,0.8956886459598807,480,452,1.0,AT5G47660
MA1366.2,0.9626720554966327,0.4683205486877887,759,736,0.9053561594897231,DF1
MA1367.2,0.9493654144750795,0.43565607267337236,479,471,0.9053561594897231,AT1G76870
MA1368.3,1.1133426735813332,0.09630709913118451,533,447,0.5756642005897787,GT-4
MA1369.2,1.0393560388054555,0.4210910228068057,944,848,0.9006259179435702,HDG1
MA1370.2,0.9746406093396504,0.5216382974982243,1279,1225,0.9238814193852523,IDD5
MA1371.2,1.0259249582686116,0.4440197298394605,1902,1731,0.9053561594897231,IDD4
MA1372.2,0.9189425375057118,0.24660495946184038,379,385,0.7824298733554134,ZAT10
MA1373.1,1.0089267402881341,0.6994176123240565,4075,3771,0.9548974835667107,GAF1
MA1374.2,1.0095295177174344,0.8257601313774805,1303,1205,0.9988753502259674,IDD7
MA1375.2,1.0343848361044723,0.449894682875346,1068,964,0.9053561594897231,ANL2
MA1376.2,0.9491151477216913,0.6998430207279086,122,120,0.9548974835667107,DEAR3
MA1377.2,1.0113733079134577,0.9495885367470618,130,120,1.0,PLT1
MA1378.1,0.8992148880020103,0.3918066338010556,131,136,0.8855392520137562,AIL6
MA1379.1,0.9774779716908522,0.369787999323636,3237,3091,0.8727123486522969,SOL1
MA1380.1,0.9603273658963254,0.11428217507600312,3157,3068,0.6129680299531076,TCX6
MA1381.2,0.9913115127519916,0.9348763344665421,309,291,1.0,AT3G46070
MA1382.2,1.0108373536236577,0.9541011499743014,157,145,1.0,FAR1
MA1383.2,0.9684537205116492,0.526019083430225,859,828,0.9238814193852523,KAN2
MA1384.1,0.8977731645867959,0.10650178327012408,453,471,0.5851599272440875,PHL7
MA1385.2,0.9899712407030908,0.8350676475434406,965,910,1.0,AT2G40260
MA1386.3,1.0090029778207088,0.8968191036137902,495,458,1.0,HHO3
MA1387.2,0.9666350464198844,0.5640369683525315,613,592,0.9330331158728792,HRS1
MA1388.2,1.0206274329441831,0.7502082746517295,516,472,0.981220253557993,PHL2
MA1389.2,0.9355101414253753,0.3238794494429068,464,463,0.857663300107687,PHL1
MA1390.3,0.9897151553132572,0.8889624406516975,423,399,1.0,HHO2
MA1391.3,0.8992649355890221,0.20121408107407238,289,300,0.7129053812278009,MYB33
MA1392.3,1.0413134917274693,0.7211233218612305,203,182,0.9640150301504968,MYB98
MA1393.3,0.9248456787127622,0.43896384651768094,213,215,0.9053561594897231,MYB70
MA1394.3,1.216373018135419,0.03191207952955954,284,218,0.31631623853755525,MYB73
MA1396.2,0.9656393530616619,0.6522155044103418,361,349,0.9548974835667107,GATA6
MA1397.2,0.9874154736148356,0.8465729911425699,495,468,1.0,AT1G74840
MA1398.3,0.8717063570196578,0.11635683658629936,254,272,0.6194033105496237,KUA1
MA1400.2,1.0558754500229686,0.3645508060336325,622,550,0.8727123486522969,AT1G19000
MA1401.2,0.9883293581701398,0.8091328352638159,884,835,0.9979676925639887,RVE7
MA1402.1,0.999946996239667,1.0,4640,4332,1.0,BPC6
MA1403.1,0.9816952668628455,0.3641114014582707,5116,4864,0.8727123486522969,BPC5
MA1404.1,0.9946591391423756,0.7646278177230054,6780,6363,0.9854508966992043,BPC1
MA1405.2,0.7991826204275809,0.08087516622985334,119,139,0.5472706498522384,SIZF2
MA1406.2,1.0259108007405437,0.6376561722723936,767,698,0.9548974835667107,ATHB-4
MA1408.2,1.0508248406435408,0.6131461534144422,251,223,0.9548732385695337,FaEOBII
MA1409.2,0.9919153823277751,0.9614686269224215,221,208,1.0,OsRR22
MA1410.2,0.7812197337129956,0.05368497067547102,118,141,0.45568472832978313,StBRC1
MA1411.2,1.4166449527250689,0.0033897242164182733,176,116,0.07272499227951931,TSAR1
MA1412.2,1.1086488082974524,0.4899868788071617,114,96,0.9053561594897231,TSAR2
MA1415.2,1.037680663310521,0.4926180084289891,758,682,0.9053561594897231,REF6
MA1416.1,0.9882521294199343,0.683158727228885,2617,2472,0.9548974835667107,RAMOSA1
MA1417.2,0.9450503903655065,0.4805371059540968,328,324,0.9053561594897231,O2
MA1424.2,1.0259165939119612,0.8377423962266044,200,182,1.0,ERF019
MA1425.2,0.9653816877612117,0.7511601376107799,182,176,0.981220253557993,HYH
MA1426.2,1.0580583363103853,0.7910163099370793,68,60,0.9979676925639887,MYB124
MA1427.3,1.051282378926478,0.49487688378887407,411,365,0.9053561594897231,NAC028
MA1428.2,0.9439182117885737,0.5990730227238659,182,180,0.9488673380055862,TCP8
MA1430.2,1.2186275595805045,0.155690136325345,124,95,0.6762491810941367,TB1
MA1659.2,0.9917466789167547,0.9114376318726047,375,353,1.0,ABF4
MA1660.2,1.196938518875329,0.000273818335761307,933,728,0.017623943792636848,NAC013
MA1661.2,0.9017019908078178,0.09070761856890988,540,559,0.5734017316677517,GTL1
MA1662.2,0.860181715629043,0.05634435954349731,317,344,0.45852651214708157,AT3G10030
MA1663.3,1.0177543373986635,0.7997639165972362,520,477,0.9979676925639887,NAC050
MA1664.3,0.9501429033262895,0.41499399712506657,514,505,0.8983619007419013,HSFA6B
MA1665.3,0.8534133850800841,0.01140524900308438,491,537,0.1614983258836748,HSFB2A
MA1666.3,0.8513679790686058,0.010252444928414685,488,535,0.1583903443567691,HSFB2B
MA1667.3,1.0864767707294836,0.26566065549959916,391,336,0.8039954983580674,HSFC1
MA1669.2,1.107666861627799,0.41872800458308956,140,118,0.8983619007419013,DREB1B
MA1670.2,1.107666861627799,0.41872800458308956,140,118,0.8983619007419013,DREB1C
MA1671.2,0.8601904922243837,0.1583596214262643,176,191,0.6776196822550502,ERF118
MA1672.2,0.9128170923977978,0.18042696938803512,442,452,0.701521379667639,GBF2
MA1673.2,1.0967089383070994,0.32377205458004477,269,229,0.857663300107687,LBD18
MA1674.3,1.051282378926478,0.49487688378887407,411,365,0.9053561594897231,NAC017
MA1675.2,0.8824225651719855,0.22458616395789258,190,201,0.7571762099151808,NAC029
MA1676.3,1.0395936794614689,0.5422927363383836,569,511,0.9319011100183874,NAC062
MA1677.2,0.9770260040030216,0.654688674161908,831,794,0.9548974835667107,NAC078
MA1678.3,0.9376107276131044,0.24172279460504587,678,675,0.775688598413404,NTL8
MA1679.2,1.078958041596714,0.4930300846426008,193,167,0.9053561594897231,RAP2-1
MA1681.2,1.0150727597105544,0.8355935970407828,436,401,1.0,SRM1
MA1682.2,0.9913842997982607,0.7978119832641752,2022,1904,0.9979676925639887,TCX3
MA1685.2,0.9652531931305106,0.6980872422907722,274,265,0.9548974835667107,ARF10
MA1686.1,0.9940793112367953,1.0,115,108,1.0,ARF13
MA1687.1,0.880502091643525,0.44422265009938605,83,88,0.9053561594897231,ARF14
MA1688.2,0.9916193711806301,0.8878484391167458,649,611,1.0,ARF16
MA1689.2,1.0488363079683194,0.562169268251731,355,316,0.9330331158728792,ARF18
MA1690.2,0.9800435423541268,0.8220515696004667,253,241,0.9979676925639887,ARF25
MA1691.2,0.9564625842720182,0.6999884095637329,167,163,0.9548974835667107,ARF27
MA1692.2,0.9943341725534028,0.9573436675405109,180,169,1.0,ARF29
MA1693.2,0.9453663771792487,0.6535154505631888,160,158,0.9548974835667107,ARF34
MA1694.2,1.046372479632862,0.6939372443069283,167,149,0.9548974835667107,ARF35
MA1695.2,0.9464281236706182,0.6399801497014677,147,145,0.9548974835667107,ARF36
MA1696.2,0.9863092977547173,0.9164853925528929,187,177,1.0,ARF39
MA1697.2,0.9174266527690583,0.3752858794896897,228,232,0.8727123486522969,ARF4
MA1698.2,1.0678051002415396,0.552669164934671,183,160,0.9330331158728792,ARF7
MA1706.2,1.0174597583722633,0.8136868546947784,461,423,0.9979676925639887,AT1G14600
MA1732.1,0.9784087392840597,0.7632902881792347,458,437,0.9854508966992043,E2FD
MA1733.2,0.9932311719827756,0.965930230719763,283,266,1.0,ASR3
MA1734.1,1.102161339613999,0.1541320582950157,471,399,0.6762491810941367,AT1G19040
MA1735.2,0.9971928405831332,0.9619136195782259,909,851,1.0,AT2G38300
MA1737.2,1.0080870778869329,0.9620817779298223,230,213,1.0,AT5G05090
MA1738.1,0.9649901305304637,0.5638243319911971,552,534,0.9330331158728792,ATMYB31
MA1739.2,1.0349979962511149,0.704258920157069,296,267,0.9570351544552878,BHLH122
MA1740.2,1.0595347078736683,0.479450919542061,345,304,0.9053561594897231,BHLH49
MA1741.1,1.0078167630861103,0.9185950318939249,448,415,1.0,BRN2
MA1742.2,0.8253480685490715,0.09864608470434863,145,164,0.5756642005897787,BZIP18
MA1743.2,0.950109060872284,0.44491689720172023,458,450,0.9053561594897231,BZIP2
MA1744.2,0.9834513650374596,0.9029938175560757,138,131,1.0,BZIP30
MA1745.2,0.9880519565425835,0.8962018375909737,272,257,1.0,BZIP63
MA1746.1,1.0991416258915796,0.42420208612944843,166,141,0.9019071380770255,BZIP69
MA1747.2,0.988518611970614,0.8176542687305401,971,917,0.9979676925639887,DOF4.3
MA1749.1,0.8896310035514139,0.15861840020931406,284,298,0.6776196822550502,E2FC
MA1750.1,0.9784087392840597,0.7632902881792347,458,437,0.9854508966992043,E2FE
MA1751.2,0.9622641304919463,0.64013727361725,335,325,0.9548974835667107,EIL3
MA1752.2,1.0966136829222985,0.4683624344172247,148,126,0.9053561594897231,ERF025
MA1753.2,0.8605631367045099,0.021977397876794084,449,487,0.24312496401203457,ERF057
MA1754.2,0.7820408529340488,0.0045805060887626845,248,296,0.0926570945955423,ERF073
MA1756.2,1.2359204544245441,0.06595024255049406,184,139,0.49673161410372124,GRF9
MA1757.2,0.9934809584814028,0.8883796249072344,945,888,1.0,HDG7
MA1758.2,0.8352947439051639,0.005234165812836216,460,514,0.10293859431911223,HSFA1E
MA1759.2,0.9372547385734986,0.30967191697437135,498,496,0.8432604508379036,HSFA4A
MA1760.1,0.8219958046727838,0.006026912543801421,369,419,0.11532578597328125,HSFA6A
MA1761.2,0.9380259570093918,0.2660993435606817,618,615,0.8039954983580674,HSFB3
MA1762.2,1.0102539276829214,0.8915413249390771,448,414,1.0,MYB10
MA1764.2,1.0450176460789393,0.6277717361844486,272,243,0.9548974835667107,MYB116
MA1765.2,1.1014882842530513,0.2625740298984547,315,267,0.8039954983580674,MYB121
MA1766.2,1.0581072781335852,0.46056035718542077,391,345,0.9053561594897231,MYB17
MA1768.2,1.09785752126121,0.18642910559438558,448,381,0.701521379667639,MYB30
MA1769.2,0.9989203231145991,1.0,535,500,1.0,MYB39
MA1770.2,0.9376102806396955,0.33593729951447765,456,454,0.857663300107687,MYB40
MA1771.2,1.0552598157838122,0.5058805638339068,347,307,0.9160190260726495,MYB41
MA1772.2,0.992145517297188,0.9002069599182576,525,494,1.0,MYB43
MA1773.2,1.0022510901222754,1.0,467,435,1.0,MYB51
MA1774.2,1.0239450548201436,0.7566060434849944,442,403,0.9854508966992043,MYB60
MA1775.2,1.1364858208145379,0.12792761290805824,325,267,0.646948213849323,MYB61
MA1776.2,1.081933367127505,0.3465994014357504,321,277,0.857663300107687,MYB67
MA1777.2,1.0171203908064008,0.8312196124191144,414,380,1.0,MYB74
MA1778.2,0.9943086839552691,0.9310752265211077,622,584,1.0,MYB80
MA1779.2,0.9661750183110722,0.6114824976909004,444,429,0.9548732385695337,MYB83
MA1780.2,1.0009969347379746,1.0,193,180,1.0,MYB92
MA1781.2,1.0280674535757564,0.7345902814043797,370,336,0.9751138005980111,MYB94
MA1783.1,1.0736262341222484,0.17752669990290182,798,694,0.701521379667639,NAC005
MA1784.1,1.0852415021987734,0.16692945723707664,623,536,0.6952120924932368,NAC011
MA1785.2,0.8976118063078781,0.27619349709864194,200,208,0.8119327170544471,NAC018
MA1786.2,1.0502788962021092,0.8083831430470236,81,72,0.9979676925639887,NAC019
MA1787.2,1.0077387096052208,0.9621686059112866,231,214,1.0,NAC047
MA1788.1,1.0555226946709884,0.5106044686465099,355,314,0.9198675923708117,NAC054
MA1789.1,0.9602556443701535,0.5526659891039889,467,454,0.9330331158728792,NAC071
MA1790.1,1.0340660303756226,0.6122983980113383,525,474,0.9548732385695337,NAC073
MA1791.1,1.1450995294699715,0.028352377315806303,596,486,0.29960422596404274,NAC087
MA1792.1,1.208062344304966,0.009494961490451467,436,337,0.15633564500557298,NAC098
MA1794.2,1.1473548253410955,0.02361298170786705,607,494,0.2571998622949211,NLP7
MA1795.2,1.0401040632480985,0.7354671885866355,166,149,0.9751138005980111,RAP2-4
MA1796.1,0.9925322661050523,1.0,101,95,1.0,RAP2-7
MA1797.1,1.0321949639682695,0.6921171500567627,335,303,0.9548974835667107,RAV2
MA1800.1,1.0321949639682695,0.6921171500567627,335,303,0.9548974835667107,TEM1
MA1802.2,0.8320129882028316,0.017203221451780243,320,359,0.20643865742136291,TRP5
MA1803.2,0.9802406564971515,0.8758337107216199,189,180,1.0,VIP1
MA1805.2,1.206242686545681,0.10163562863520105,177,137,0.5756642005897787,WRKY53
MA1807.2,1.046149373604975,0.3036366439407926,1107,988,0.843038211412083,ZHD10
MA1808.2,0.9658358624942585,0.6652541733912036,329,318,0.9548974835667107,GLYMA-06G314400
MA1809.2,0.9582483519874452,0.6827567381659781,194,189,0.9548974835667107,GLYMA-07G038400
MA1810.2,1.0605517995246518,0.45151659899606345,376,331,0.9053561594897231,GLYMA-08G357600
MA1811.2,0.9658358624942585,0.6652541733912036,329,318,0.9548974835667107,GLYMA-13G317000
MA1812.2,0.9058952039576211,0.03606365366073856,891,918,0.3359614051553014,ASR1
MA1813.2,0.9623555878480518,0.5371048512625913,534,518,0.9291186563955205,EIL4
MA1814.2,1.0043800665725644,0.915339589223289,1660,1543,1.0,RIN
MA1815.2,0.7633802526517938,0.0032216495221724225,220,269,0.07261739707932097,GRF4
MA1817.2,0.78719634848275,0.01857204524656325,183,217,0.2155575087633899,Zm00001d020267
MA1818.1,0.7226437832576178,0.001547139932296499,168,217,0.04341718665421965,Zm00001d052229
MA1819.2,0.8482499497561756,0.08566933715911555,209,230,0.5593900183357746,Zm00001d005892
MA1820.2,0.7921510493987347,0.021713826177221524,185,218,0.24312496401203457,Zm00001d024324
MA1821.2,0.7148626665139891,0.0015727667737386822,157,205,0.04341718665421965,Zm00001d020595
MA1822.2,0.9678824888709422,0.8100452369952154,141,136,0.9979676925639887,Zm00001d018571
MA1823.2,1.0032813182159364,0.9128794257486297,2793,2599,1.0,Zm00001d027846
MA1824.2,1.026976175676311,0.654393924648154,671,610,0.9548974835667107,Zm00001d005692
MA1827.2,0.955136574979412,0.6691282027024748,177,173,0.9548974835667107,Zm00001d044785
MA1828.2,0.9999591053972295,1.0,241,225,1.0,Zm00001d038683
MA1829.2,1.0009969347379746,1.0,193,180,1.0,Zm00001d035604
MA1830.2,0.9611498745600343,0.34975242556462605,1180,1146,0.8598080461797056,Zm00001d015407
MA1831.2,0.7694192615575401,0.002542571564915873,244,296,0.06000468893201461,Zm00001d031796
MA1832.2,0.7147709073961138,0.000998073642032532,170,222,0.04341718665421965,Zm00001d002364
MA1833.2,0.8284027433921004,0.05506912251862446,205,231,0.45568472832978313,Zm00001d049364
MA1834.2,0.9869086601558729,0.9004433813698174,296,280,1.0,Zm00001d034298
MA1835.2,0.9388178266102801,0.5594074666763587,178,177,0.9330331158728792,TFLG2-Zm00001d042777
MA2005.2,1.1426561966887554,0.10661812233684645,339,277,0.5851599272440875,NAC016
MA2006.2,1.1506132327005236,0.011100585226282662,743,603,0.16039212939200254,NAC020
MA2007.2,0.9868171937475309,0.8123857933800727,741,701,0.9979676925639887,MYB107
MA2008.2,1.0424462951055156,0.6784729807524928,249,223,0.9548974835667107,MYB99
MA2009.2,1.1986002541074292,0.000705477619728403,806,628,0.038421396520593024,NAC010
MA2010.2,0.9852555063180068,0.8733785845358433,324,307,1.0,SMB
MA2011.2,1.08384590556126,0.4393854621556809,202,174,0.9053561594897231,ERF010
MA2013.2,0.7686634037999388,0.0014828166410142105,266,323,0.04341718665421965,ERF115
MA2014.2,1.082530966998821,0.27228650489361184,429,370,0.8119327170544471,BAM8
MA2015.2,0.8617066673835745,0.20393421206458856,144,156,0.7129053812278009,NAC002
MA2016.2,1.2359204544245441,0.06595024255049406,184,139,0.49673161410372124,GRF6
MA2017.2,0.8786051748847646,0.2475484345079274,160,170,0.7824298733554134,JUB1
MA2018.2,0.9950599712628729,0.9696054677644028,356,334,1.0,NAC69
MA2019.2,0.9109821022931665,0.1841447254641519,405,415,0.701521379667639,HSFA1B
MA2020.2,0.9737577670091518,0.6562609818148646,581,557,0.9548974835667107,HSFB4
MA2021.2,1.0603966190424516,0.5102056902138732,276,243,0.9198675923708117,LBD13
MA2022.2,0.7461716448456452,0.0001293401243781929,311,389,0.013081829722822937,LOB
MA2023.2,1.0276001077073837,0.7449153399800198,317,288,0.981220253557993,PHL4
MA2024.2,1.072056193672854,0.3776962433265225,364,317,0.8727123486522969,MYB63
MA2025.2,0.9483170904038609,0.3343764070429751,703,692,0.857663300107687,MYB93
MA2026.2,1.0147702512550951,0.84235068390601,475,437,1.0,MYB108
MA2027.2,1.1351889867852902,0.16648117768351714,276,227,0.6952120924932368,MYB44
MA2028.2,1.0201955238165412,0.7671171492352074,483,442,0.9854508966992043,MYB49
MA2029.2,1.0221675774817935,0.8595656097788289,150,137,1.0,MYB88
MA2030.2,0.9263883480436611,0.3000982250758847,391,394,0.8393955246225534,MYB96
MA2031.2,0.8388420377875809,0.07600408299163189,195,217,0.5427470703855403,AT5G04760
MA2032.2,0.9615414251434717,0.5227936621621292,549,533,0.9238814193852523,TRB1
MA2033.2,1.097405979505805,0.10784647167931699,657,559,0.5873484765304341,NAC038
MA2034.2,1.051282378926478,0.49487688378887407,411,365,0.9053561594897231,NAC057
MA2035.2,1.0689857343313718,0.2564671799912336,632,552,0.7945680468174695,NAC075
MA2036.2,0.9852555063180068,0.8733785845358433,324,307,1.0,NAC076
MA2037.2,1.051282378926478,0.49487688378887407,411,365,0.9053561594897231,NAC096
MA2038.2,0.9903150758190541,0.9082211245400351,349,329,1.0,NAC103
MA2039.2,0.8491623656663181,0.053926711990330015,272,299,0.45568472832978313,ASIL2
MA2040.2,0.8095003225562963,0.008594020370498837,294,339,0.1473915745626754,ENAP2
MA2041.2,1.0080122582022273,0.9208304621339621,474,439,1.0,MYB13
MA2042.2,1.0143202531358282,0.8447635986199018,490,451,1.0,MYB58
MA2043.2,0.9770260040030216,0.654688674161908,831,794,0.9548974835667107,NAC004
MA2044.2,0.9852555063180068,0.8733785845358433,324,307,1.0,NAC007
MA2045.2,1.1117492536416218,0.06299205895813802,687,577,0.49553753047068577,NAC031
MA2046.2,0.8435583882198521,0.301139072392837,75,83,0.8393955246225534,NAC035
MA2047.2,0.9852555063180068,0.8733785845358433,324,307,1.0,NAC037
MA2048.2,0.8255540609684566,0.001438803081439156,521,589,0.04341718665421965,NAC045
MA2049.2,0.9770260040030216,0.654688674161908,831,794,0.9548974835667107,NAC053
MA2050.2,0.9852555063180068,0.8733785845358433,324,307,1.0,NAC101
MA2051.2,1.035792068691041,0.5873461470864866,517,466,0.9429502769551757,NAC68
MA2052.2,1.0563893611124104,0.2641892070258388,904,799,0.8039954983580674,ZAT6
MA2053.2,0.929110472418476,0.2872538403096051,424,426,0.8233834774866414,NAC105
MA2055.1,0.8908178075361134,0.325563540783394,146,153,0.857663300107687,PK00315.1
MA2057.1,1.0457490895475055,0.5273721909072857,429,383,0.9238814193852523,PK01630.1
MA2060.1,1.0431245288261217,0.5764827327173384,381,341,0.9367004837264522,PK05451.1
MA2061.1,1.0595347078736683,0.479450919542061,345,304,0.9053561594897231,PK06517.1
MA2064.1,1.0595347078736683,0.479450919542061,345,304,0.9053561594897231,PK07858.1
MA2065.1,0.8355898240074972,0.14476179673067088,128,143,0.6725101988042739,PK08602.1
MA2066.1,0.9114373306305003,0.4116115486181877,165,169,0.8939293755266163,PK09021.1
MA2067.1,1.07451175648817,0.33471629050557317,389,338,0.857663300107687,PK09702.1
MA2068.1,0.8707849975988616,0.12367246297135523,250,268,0.6381075621960945,PK10344.1
MA2071.1,1.0476651728369344,0.5336553671178486,395,352,0.9291186563955205,PK15505.1
MA2072.1,0.8590600377714557,0.1931871310646735,150,163,0.708686470434139,PK16335.1
MA2074.1,0.7934261633533584,0.015390119144547678,204,240,0.198112806442541,PK17878.1
MA2075.1,1.0418474011069614,0.5217090591745775,568,509,0.9238814193852523,PK18009.1
MA2076.1,1.0333329569771967,0.6794807295736127,373,337,0.9548974835667107,PK18401.1
MA2077.1,1.0457490895475055,0.5273721909072857,429,383,0.9238814193852523,PK18474.1
MA2078.1,0.7438570151790598,0.0014176908542861376,208,261,0.04341718665421965,PK19363.1
MA2079.1,1.030155743932598,0.8824673268787844,96,87,1.0,PK19717.1
MA2083.1,1.1254879980403418,0.20235898221702536,264,219,0.7129053812278009,PK21166.1
MA2086.1,1.010145388166414,0.9147517455058236,409,378,1.0,PK23964.1
MA2087.1,1.0417460055617425,0.5372197080795014,501,449,0.9291186563955205,PK24205.1
MA2088.1,0.8306084712387449,0.1555995058290712,113,127,0.6762491810941367,PK24580.1
MA2089.1,1.206242686545681,0.10163562863520105,177,137,0.5756642005897787,PK25870.1
MA2091.1,0.9397305133825686,0.6051025460744381,152,151,0.9548732385695337,PK27109.1
MA2092.1,1.0074369433849384,0.9377671989794163,341,316,1.0,PK27149.1
MA2104.1,0.9591784638840666,0.30909674837175194,1230,1197,0.8432604508379036,IDD11
MA2106.1,0.8458432443366877,0.05535153479712055,251,277,0.45568472832978313,Zm00001d024644
MA2343.1,0.9277786987222314,0.5045467572154805,161,162,0.9159464207911799,MYB3R3
MA2344.1,0.9848755651869133,0.6581655010622056,1783,1690,0.9548974835667107,REV
MA2348.1,1.0204388329376188,0.5284914899025808,2117,1937,0.9238814193852523,IDD6
MA2349.1,1.0243809231097853,0.6638741480470505,711,648,0.9548974835667107,OsCCA1
MA2350.1,1.1767300604262063,0.12437689771618793,213,169,0.6381075621960945,OsFBH1
MA2351.1,1.0714296646457058,0.47976833275296615,241,210,0.9053561594897231,OsEIL3
MA2352.1,1.0946079363312726,0.29339326367392154,306,261,0.8319477868014117,PC-MYB1
MA2353.1,1.0214940652074536,0.7035439669780694,709,648,0.9570351544552878,PK02532.1
MA2354.1,1.076705647675499,0.5601984925261176,158,137,0.9330331158728792,PK06182.1
MA2357.1,0.8320129882028316,0.017203221451780243,320,359,0.20643865742136291,PK21687.1
MA2359.1,1.0101045141277554,0.9133740556308978,396,366,1.0,PK23829.1
MA2360.1,0.9422235043030597,0.5634162629578559,217,215,0.9330331158728792,PK28565.1
MA2362.1,0.9388503803447241,0.40611164740367245,352,350,0.8888863650654958,TEIL
MA2363.1,0.9212725691647093,0.6259589087733746,75,76,0.9548974835667107,TOE2
MA2364.1,0.9231631246248635,0.45930417730298423,178,180,0.9053561594897231,VIT_15s0048g01150
MA2365.1,1.3093434551295988,0.007027320469284208,244,174,0.12438357230633049,VIT_17s0000g10420
MA2367.1,0.9372350521895009,0.47626473365419214,253,252,0.9053561594897231,WIP5
MA2369.1,1.106898191624876,0.10049227248121806,588,496,0.5756642005897787,ZHD14
MA2371.1,0.9649901305304637,0.5638243319911971,552,534,0.9330331158728792,MYB31
MA2372.1,0.950109060872284,0.44491689720172023,458,450,0.9053561594897231,AZF1
MA2374.1,1.0826953077881947,0.048634937560089124,1360,1173,0.4285501013089337,AHL13
MA2375.1,0.9976137868994558,1.0,405,379,1.0,BMY2
MA2376.1,0.9826999442518219,0.9098105479732475,160,152,1.0,CAMTA5
MA2377.1,1.1468093263180978,0.25876819554192443,156,127,0.7965560106247065,cassava45561.m1
MA2380.1,0.9990114642090705,0.9851325456667375,1496,1398,1.0,DOF4.7
MA2384.1,0.9917466789167547,0.9114376318726047,375,353,1.0,estExt_Genewise1.C_2060077
MA2386.1,1.1670300750899174,0.22318974666590735,150,120,0.7560686154998201,estExt_gwp_gw1.C_550163
MA2387.1,0.8969216386901648,0.35560783414746466,147,153,0.8711776698145501,NAC094
MA2388.1,1.0382575731331394,0.626841880850858,377,339,0.9548974835667107,GATA1
MA2389.1,1.0705110160228126,0.3452065756279693,438,382,0.857663300107687,GBF1
MA2390.1,0.9777542852256833,0.8717983247217105,177,169,1.0,GLYMA19G26560
MA2391.1,0.8505237300744782,0.14504037520958707,164,180,0.6725101988042739,Lg3
MA2392.1,0.8103303772826009,0.08769195041795314,125,144,0.5644172808719164,GRMZM2G135447
MA2393.1,1.0804473976135192,0.6136544117925675,103,89,0.9548732385695337,PHYPA_008731
MA2395.1,1.1351216563448356,0.27885163055721696,169,139,0.8119327170544471,PHYPA_011264
MA2396.1,0.9733480870130021,0.5463314257782284,1026,984,0.9330331158728792,IDD1
MA2398.1,0.7531712120853457,0.00024618037843957105,301,373,0.017429570793521632,AS2
MA2399.1,0.8729584931007004,0.20449681290619706,173,185,0.7129053812278009,LjSGA_053525.1
MA2400.1,1.0130316533436685,0.919512359352975,204,188,1.0,LjTCP20
MA2401.1,1.028102734242982,0.6635827790267403,544,494,0.9548974835667107,Os05g0437700
MA2404.1,0.9733770602471687,0.7176653793749875,391,375,0.9640150301504968,OsTRBF3
MA2406.1,1.0595347078736683,0.479450919542061,345,304,0.9053561594897231,PK03576.1
MA2407.1,1.0352149909336046,0.6877326386971505,326,294,0.9548974835667107,PK24978.1
MA2408.1,1.438270340744917,0.09824533176444628,57,37,0.5756642005897787,BAD1
MA2409.1,1.1120183365784586,0.1417666536616761,424,356,0.6725101988042739,ZmbZIP25
MA2410.1,1.0751867381691138,0.38932893605296687,319,277,0.8855392520137562,ZmbZIP54
MA2411.1,0.9718490944970707,0.6497923925982879,558,536,0.9548974835667107,ZmbZIP57
MA2412.1,1.0714289554820322,0.36834388192184125,381,332,0.8727123486522969,ZmbZIP72
MA2413.1,1.0729396700592115,0.2914824893159751,493,429,0.8319477868014117,ZmbZIP96
MA2414.1,0.9942899699453354,1.0,131,123,1.0,EREB127
MA2415.1,0.7026373970299692,0.0020100448970342038,137,182,0.049072820244835044,EREB138
MA2416.1,0.8354699800197194,0.08072168831658069,179,200,0.5472706498522384,EREB29
MA2417.1,0.8637368710109377,0.296558123032682,99,107,0.8365065781160911,EREB71
MA2418.1,0.8437478432744671,0.1468539656399223,141,156,0.6725101988042739,IG1
MA2419.1,1.0105530165675907,0.8862793893740224,407,376,1.0,UB3
MA2420.1,0.9818856283295005,0.8267527616277075,386,367,0.9988753502259674,SBP6
MA2421.1,1.0261128450490935,0.7619842331725659,366,333,0.9854508966992043,SBP8
MA2422.1,1.0094526709207252,0.9342702948612982,306,283,1.0,OsbZIP42
MA2423.1,0.960819116433092,0.6309840751217456,317,308,0.9548974835667107,OsbZIP69
MA2424.1,0.9715248134266476,0.7441833938269296,307,295,0.981220253557993,OsbZIP77
MA2425.1,0.8360087971265533,0.3294237032861064,60,67,0.857663300107687,SPL11A
MA2426.1,0.9741570301202189,0.9328824312614493,72,69,1.0,SPL11B
MA2427.1,0.9470921732206934,0.7991448031432149,70,69,0.9979676925639887,SPL12B
MA2428.1,1.3758448993270997,0.14820939684813467,56,38,0.6726426472338419,SPL13B
MA2429.1,0.9335598506341789,0.7334877388595196,69,69,0.9751138005980111,SPL13D
MA2430.1,1.3027056820007263,0.20036139884953127,60,43,0.7129053812278009,SPL14B
MA2431.1,1.0002555530637682,1.0,75,70,1.0,SPL15A
MA2432.1,1.0000445573719763,1.0,677,632,1.0,SPL15B
MA2433.1,0.8938204286102125,0.46128230898232114,90,94,0.9053561594897231,SPL15D
MA2434.1,0.8192163534810045,0.18457784815926498,86,98,0.701521379667639,SPL16A
MA2435.1,0.933561063377619,0.7199540035967062,62,62,0.9640150301504968,SPL16D
MA2436.1,0.9488679934485221,0.7872282048332357,62,61,0.9970618408263523,SPL18A
MA2437.1,0.9716730079097291,0.9204690657063668,51,49,1.0,SPL19B
MA2438.1,0.7042071435489506,0.01592617464038608,86,114,0.1990075337277627,SPL1D
MA2439.1,1.0959456243695844,0.6894925716396536,54,46,0.9548974835667107,SPL2A
MA2440.1,0.9958092238102564,1.0,64,60,1.0,SPL2B
MA2441.1,0.8972900767552827,0.4814574902531046,99,103,0.9053561594897231,SPL3A
MA2442.1,0.8598431868890636,0.3638563520760336,70,76,0.8727123486522969,SPL3B
MA2443.1,1.1166436483014677,0.57201179675964,61,51,0.9367004837264522,SPL3D
MA2444.1,1.3114940190909297,0.1958011334265424,59,42,0.7124285665948732,SPL4A
MA2445.1,0.8465011017280666,0.22978296469591689,107,118,0.768422944847743,SPL4D
MA2446.1,1.2510300659730371,0.26686291259060146,67,50,0.8039954983580674,SPL5A
MA2447.1,0.830377022913228,0.09602635960077305,153,172,0.5756642005897787,SPL5B
MA2448.1,1.091820829962549,0.6587136869569428,69,59,0.9548974835667107,SPL5D
MA2449.1,0.8661692390417659,0.34184742093924814,90,97,0.857663300107687,SPL6A
MA2450.1,0.8503463403594607,0.2800354035972901,92,101,0.8119327170544471,SPL7A
MA2451.1,0.920408378608203,0.673655821639471,70,71,0.9548974835667107,SPL7B
MA2452.1,0.8250719390512486,0.03216775307161579,236,267,0.31631623853755525,SPL8A
MA2453.1,0.7970092036389139,0.013760036039878291,222,260,0.19102167678889861,SPL8B
MA2454.1,1.127228251229079,0.10083686208243814,431,357,0.5756642005897787,SPL8D1
MA2455.1,0.9202207109479306,0.6714793308505153,69,70,0.9548974835667107,SPL9D
