Motif_ID,Real_Score_Sum,Shuffled_Mean_Score,P_Value,Adj_P_Value
# FIMO (Find Individual Motif Occurrences): Version 5.5.7 compiled on Sep  9 2024 at 10:28:28,0.0,0.0,1.0,1.0
# The format of this file is described at https://meme-suite.org/meme/doc/fimo-output-format.html#tsv_results.,0.0,0.0,1.0,1.0
# fimo --oc /home/15712745/personal/TF_prediction_genomes/MEME/FIMO_folder/Shuffled_control/fimo_real_output_Lotus_Cluster6 /home/15712745/personal/TF_prediction_genomes/TF_bindingsite_motifs/ALL_plant_motifs_JASPAR.meme /home/15712745/personal/Gene_selection/selected_upstream_sequences_Lotus_cluster6.fasta,0.0,0.0,1.0,1.0
MA0001.3,3961.318,3180.749729999998,0.009900990099009901,0.01832460732984293
MA0005.3,3716.8785,3187.7868289999997,0.019801980198019802,0.035175879396984924
MA0008.4,4993.42688,5786.232265399999,0.9900990099009901,1.0
MA0034.2,1132.1317000000001,917.6541340000002,0.0297029702970297,0.0521091811414392
MA0054.1,1800.6386,2864.1019079999996,1.0,1.0
MA0082.2,8788.5645,5759.571442000001,0.009900990099009901,0.01832460732984293
MA0096.1,505.2489,691.284136,0.9801980198019802,1.0
MA0097.1,991.59561,506.23785909999975,0.009900990099009901,0.01832460732984293
MA0110.4,3839.9278,4095.6853469999996,0.8712871287128713,1.0
MA0121.2,538.0004,609.9167799999999,0.8316831683168316,1.0
MA0123.1,629.5391,408.525467,0.009900990099009901,0.01832460732984293
MA0128.1,1914.6122,950.3254140000001,0.009900990099009901,0.01832460732984293
MA0129.1,561.603,1236.84099,1.0,1.0
MA0548.3,6641.93987,3843.989561899999,0.009900990099009901,0.01832460732984293
MA0549.2,2777.5003,858.9912010000006,0.009900990099009901,0.01832460732984293
MA0550.3,2026.95372,859.5632267000001,0.009900990099009901,0.01832460732984293
MA0551.2,2681.1996,770.2924302000002,0.009900990099009901,0.01832460732984293
MA0553.1,811.2367,1035.4189749999998,0.9801980198019802,1.0
MA0554.2,9896.00085,4551.780550700002,0.009900990099009901,0.01832460732984293
MA0555.2,7544.76883,3719.2674627,0.009900990099009901,0.01832460732984293
MA0556.2,7842.5863,3512.2557489999995,0.009900990099009901,0.01832460732984293
MA0557.2,846.5436,686.6477299999997,0.04950495049504951,0.08515815085158152
MA0558.2,9963.7856,4308.4010804,0.009900990099009901,0.01832460732984293
MA0559.1,18728.7181,3898.9478629999994,0.009900990099009901,0.01832460732984293
MA0560.2,1522.0430999999999,417.25920300000007,0.009900990099009901,0.01832460732984293
MA0561.1,2827.5599,875.74692,0.009900990099009901,0.01832460732984293
MA0562.1,2399.4561,1192.2935629999997,0.009900990099009901,0.01832460732984293
MA0563.2,7228.9654,2673.6977779999997,0.009900990099009901,0.01832460732984293
MA0565.3,1911.8199,1462.1983709999997,0.009900990099009901,0.01832460732984293
MA0566.1,2002.0467999999998,881.202304,0.009900990099009901,0.01832460732984293
MA0567.1,959.9751,515.5904749999999,0.009900990099009901,0.01832460732984293
MA0569.2,2454.0323,1046.3193239999998,0.009900990099009901,0.01832460732984293
MA0570.3,2935.65174,1085.4119756000002,0.009900990099009901,0.01832460732984293
MA0571.2,899.34836,896.8617071999996,0.45544554455445546,0.6750524109014675
MA0573.2,691.78642,811.7920267000002,0.9306930693069307,1.0
MA0574.1,726.37772,629.8448725000001,0.15841584158415842,0.255125284738041
MA0575.2,1054.0843,1355.1685939999993,0.9900990099009901,1.0
MA0576.2,594.73172,421.7991095000002,0.009900990099009901,0.01832460732984293
MA0577.4,815.8169,1168.851925,1.0,1.0
MA0578.1,3556.8761,5201.814418,1.0,1.0
MA0579.2,363.3412,662.5449369999999,1.0,1.0
MA0580.1,1888.10979,1226.1673344000005,0.009900990099009901,0.01832460732984293
MA0584.2,3907.281,3144.9439669999997,0.009900990099009901,0.01832460732984293
MA0585.2,2392.8176,2219.488259,0.15841584158415842,0.255125284738041
MA0586.3,551.0154,759.99807,0.9900990099009901,1.0
MA0587.2,1071.65838,565.0042254999998,0.009900990099009901,0.01832460732984293
MA0588.2,1177.1905,999.5919069999999,0.0891089108910891,0.14928909952606637
MA0589.2,1110.96629,1153.4226544000003,0.6336633663366337,0.9068825910931174
MA0590.1,1143.8027,1094.150442,0.3564356435643564,0.5407725321888411
MA0930.3,2164.6282,1016.8572120000001,0.009900990099009901,0.01832460732984293
MA0931.2,2931.3392,1074.1110590000003,0.009900990099009901,0.01832460732984293
MA0932.1,10400.454,9548.86305,0.04950495049504951,0.08515815085158152
MA0933.1,12200.9976,10437.016038000002,0.009900990099009901,0.01832460732984293
MA0934.1,9960.4164,10244.973734,0.7227722772277227,1.0
MA0935.1,1308.0643,2217.299793000001,1.0,1.0
MA0936.1,836.08424,1136.6539289999998,1.0,1.0
MA0937.1,1374.9996,2106.6963490000003,1.0,1.0
MA0938.3,3678.14518,2662.8186889,0.009900990099009901,0.01832460732984293
MA0939.1,872.7642,1504.7704119999992,1.0,1.0
MA0940.1,19315.7239,6299.888318,0.009900990099009901,0.01832460732984293
MA0941.2,2951.3483,1020.102614,0.009900990099009901,0.01832460732984293
MA0942.2,1189.4519,1151.8449090000001,0.3564356435643564,0.5407725321888411
MA0943.2,1105.2125,1065.7918229999998,0.36633663366336633,0.5498938428874734
MA0946.1,2097.6428,2542.1442819999993,0.9801980198019802,1.0
MA0947.1,819.7865,1181.2813499999995,1.0,1.0
MA0948.2,741.9974000000001,1264.746536,1.0,1.0
MA0949.2,2848.8361999999997,2632.4048309999994,0.07920792079207921,0.1339712918660287
MA0950.1,2582.7472000000002,2774.6641089999994,0.801980198019802,1.0
MA0951.1,6148.9088,7585.928805999998,1.0,1.0
MA0952.1,4768.7684,5311.940583999997,0.9702970297029703,1.0
MA0953.2,2141.1874000000003,2007.5578409000007,0.21782178217821782,0.34375
MA0954.3,4099.1812899999995,4313.7051422,0.7722772277227723,1.0
MA0957.1,2170.6316,880.5143800000004,0.009900990099009901,0.01832460732984293
MA0958.1,2180.1559,891.9157320000003,0.009900990099009901,0.01832460732984293
MA0959.1,1050.8727999999999,843.8704799999999,0.0891089108910891,0.14928909952606637
MA0960.1,1675.04886,582.8529935999999,0.009900990099009901,0.01832460732984293
MA0961.2,1350.0459999999998,770.3613,0.009900990099009901,0.01832460732984293
MA0962.2,1316.9838,603.388155,0.009900990099009901,0.01832460732984293
MA0963.1,235.31411999999997,209.69423099999997,0.3564356435643564,0.5407725321888411
MA0964.3,2393.5418,1155.6509400000002,0.009900990099009901,0.01832460732984293
MA0967.1,1356.3168,1236.7567319999994,0.2079207920792079,0.32959641255605376
MA0968.3,2707.68295,1084.5180497000001,0.009900990099009901,0.01832460732984293
MA0971.2,787.4757,806.3184909999999,0.594059405940594,0.855397148676171
MA0972.1,4005.0359,5103.742803,1.0,1.0
MA0973.2,7028.4295999999995,4679.511179999999,0.009900990099009901,0.01832460732984293
MA0974.3,3795.9968,3012.1892979999993,0.009900990099009901,0.01832460732984293
MA0975.1,1041.2793,438.0382790000001,0.009900990099009901,0.01832460732984293
MA0976.3,1997.73414,448.6407287,0.009900990099009901,0.01832460732984293
MA0977.1,4942.4666,3726.453077999999,0.009900990099009901,0.01832460732984293
MA0978.1,1063.7051,1181.8849719000002,0.801980198019802,1.0
MA0980.3,1178.6971,1137.3572730000005,0.36633663366336633,0.5498938428874734
MA0986.1,1229.9162,922.2390820000002,0.009900990099009901,0.01832460732984293
MA0990.2,3400.9627,5124.580438000001,1.0,1.0
MA0992.3,1557.24695,572.0498973999998,0.009900990099009901,0.01832460732984293
MA0994.3,2276.5763,462.59715169999987,0.009900990099009901,0.01832460732984293
MA0995.3,1153.271,1112.8979219999999,0.36633663366336633,0.5498938428874734
MA1000.3,2025.09151,470.84894339999994,0.009900990099009901,0.01832460732984293
MA1001.4,1862.7238399999999,460.74144190000027,0.009900990099009901,0.01832460732984293
MA1004.2,942.2281,472.97501499999976,0.009900990099009901,0.01832460732984293
MA1005.3,1783.4303400000001,481.2596576999998,0.009900990099009901,0.01832460732984293
MA1006.2,816.5733,501.38353399999994,0.009900990099009901,0.01832460732984293
MA1007.1,1064.2961,1039.116947,0.3465346534653465,0.5291576673866091
MA1008.2,875.8687,633.6472899999999,0.009900990099009901,0.01832460732984293
MA1009.1,1202.9318,1151.0837730000003,0.37623762376237624,0.5635593220338984
MA1010.2,1210.6127,1416.850802,0.9504950495049505,1.0
MA1012.1,7881.36846,4660.6866162999995,0.009900990099009901,0.01832460732984293
MA1013.1,1663.8995,1881.4461840000001,0.9108910891089109,1.0
MA1014.1,1697.3609999999999,2321.9171030000007,1.0,1.0
MA1019.2,1010.7377,561.441345,0.009900990099009901,0.01832460732984293
MA1020.1,2565.6441,2159.438447,0.019801980198019802,0.035175879396984924
MA1021.2,865.7208,418.8439679999998,0.009900990099009901,0.01832460732984293
MA1023.1,922.8833999999999,859.9018670000004,0.26732673267326734,0.41356673960612694
MA1024.2,3277.8091,3925.020069,1.0,1.0
MA1025.2,2075.5527,750.4607839999999,0.009900990099009901,0.01832460732984293
MA1026.3,7298.97051,6443.904565399999,0.009900990099009901,0.01832460732984293
MA1028.1,1639.1354000000001,1775.9717640000006,0.7623762376237624,1.0
MA1030.2,2526.6199,1152.285449,0.009900990099009901,0.01832460732984293
MA1032.2,861.8862,934.8411739999999,0.7128712871287128,1.0
MA1033.1,2881.538,902.1680428,0.009900990099009901,0.01832460732984293
MA1034.1,1023.1200699999999,357.1822345000001,0.009900990099009901,0.01832460732984293
MA1035.1,924.02384,608.2417269000001,0.009900990099009901,0.01832460732984293
MA1036.1,997.6935,1678.0134539999997,1.0,1.0
MA1037.2,836.1279999999999,1126.786996,1.0,1.0
MA1038.2,928.7218,1391.3851619999998,1.0,1.0
MA1039.1,1558.1607,1358.1827559999997,0.0891089108910891,0.14928909952606637
MA1040.1,1726.7256,1693.1833990000005,0.39603960396039606,0.5907172995780592
MA1041.1,1130.2459,1225.5405669999998,0.7920792079207921,1.0
MA1042.1,1603.974,2338.0133870000004,1.0,1.0
MA1043.2,737.0162,1307.3917879999995,1.0,1.0
MA1044.2,1209.5382,1130.2808939999995,0.24752475247524752,0.3854625550660793
MA1045.2,1353.1148,2927.0289579999994,1.0,1.0
MA1046.1,1532.4324,2718.081365999998,1.0,1.0
MA1047.3,1594.8799999999999,1734.7301999999995,0.8217821782178217,1.0
MA1048.1,932.6293,791.5758369999998,0.07920792079207921,0.1339712918660287
MA1049.2,985.8331000000001,498.309556,0.009900990099009901,0.01832460732984293
MA1050.1,1099.8843,556.383119,0.009900990099009901,0.01832460732984293
MA1051.1,881.7332,439.122955,0.009900990099009901,0.01832460732984293
MA1053.1,965.01,446.10551499999997,0.009900990099009901,0.01832460732984293
MA1054.2,1150.5612,659.9987730000003,0.009900990099009901,0.01832460732984293
MA1055.3,1036.5516,1415.6187269999998,1.0,1.0
MA1056.2,801.6394,1045.4027580000009,1.0,1.0
MA1059.3,799.69703,1168.9379983999993,1.0,1.0
MA1061.2,2135.5134,737.7677090000001,0.009900990099009901,0.01832460732984293
MA1062.3,1217.10171,605.081551,0.009900990099009901,0.01832460732984293
MA1063.2,888.3108,552.6190279999998,0.009900990099009901,0.01832460732984293
MA1064.2,1324.1932,617.0890820000003,0.009900990099009901,0.01832460732984293
MA1065.3,1263.47497,602.0788437999998,0.009900990099009901,0.01832460732984293
MA1066.1,1065.54991,535.893385,0.009900990099009901,0.01832460732984293
MA1067.1,557.34696,420.0528383,0.04950495049504951,0.08515815085158152
MA1068.3,1569.88667,1575.1976750000001,0.5346534653465347,0.7761806981519508
MA1069.3,2429.99998,2275.9598782,0.21782178217821782,0.34375
MA1070.3,1678.2446,1727.634493,0.6435643564356436,0.9191919191919192
MA1074.2,2291.7573,1081.690704,0.009900990099009901,0.01832460732984293
MA1075.1,1493.0342,1050.331204,0.009900990099009901,0.01832460732984293
MA1076.3,1711.5646,1378.2635969999994,0.009900990099009901,0.01832460732984293
MA1078.2,992.7840000000001,671.6183759999999,0.009900990099009901,0.01832460732984293
MA1079.3,3634.68597,2672.5249533,0.009900990099009901,0.01832460732984293
MA1080.1,2057.5958,1566.0079690000005,0.009900990099009901,0.01832460732984293
MA1081.3,2034.9058,1359.0158290000004,0.009900990099009901,0.01832460732984293
MA1083.3,2160.9902,1643.1770960000003,0.009900990099009901,0.01832460732984293
MA1084.1,1536.7403,1083.5522159999998,0.009900990099009901,0.01832460732984293
MA1087.3,4526.3682,3216.843089100001,0.009900990099009901,0.01832460732984293
MA1090.2,1055.7359999999999,714.2054040000002,0.009900990099009901,0.01832460732984293
MA1091.1,3199.6154,2225.6757809999995,0.009900990099009901,0.01832460732984293
MA1093.2,996.72,674.2810800000001,0.009900990099009901,0.01832460732984293
MA1094.3,3670.54145,2607.4233237000008,0.009900990099009901,0.01832460732984293
MA1095.1,677.6832400000001,427.76921170000014,0.009900990099009901,0.01832460732984293
MA1096.1,689.3980300000001,482.99104020000016,0.009900990099009901,0.01832460732984293
MA1097.1,759.89902,392.08738879999987,0.009900990099009901,0.01832460732984293
MA1098.1,677.6832400000001,427.76921170000014,0.009900990099009901,0.01832460732984293
MA1156.2,11053.90924,4351.878009899999,0.009900990099009901,0.01832460732984293
MA1157.2,6055.92512,3221.2619905,0.009900990099009901,0.01832460732984293
MA1158.2,5809.5914,3192.864997199999,0.009900990099009901,0.01832460732984293
MA1159.2,13342.42382,5007.606444500002,0.009900990099009901,0.01832460732984293
MA1160.2,10083.04326,3375.0390563999977,0.009900990099009901,0.01832460732984293
MA1161.1,19610.292,12632.093746099998,0.009900990099009901,0.01832460732984293
MA1162.1,17526.58221,10777.909267699997,0.009900990099009901,0.01832460732984293
MA1163.3,3245.4431,3917.824665000001,0.9900990099009901,1.0
MA1164.2,3512.5594,2579.8034340000004,0.009900990099009901,0.01832460732984293
MA1165.3,3701.3811,2547.004974,0.009900990099009901,0.01832460732984293
MA1166.2,4788.17053,3911.0582366999997,0.009900990099009901,0.01832460732984293
MA1167.2,3196.7095,3589.815615,0.9702970297029703,1.0
MA1168.2,4052.1391,3904.0230870000005,0.25742574257425743,0.4
MA1169.1,2374.5846,3060.8157279999978,1.0,1.0
MA1170.2,1737.51404,2145.410447800001,1.0,1.0
MA1171.2,906.9843000000001,1338.3933539999998,1.0,1.0
MA1172.2,2390.0152,2356.2936889999987,0.46534653465346537,0.6854166666666667
MA1173.2,2800.346,2298.477399,0.009900990099009901,0.01832460732984293
MA1174.2,2067.3027,3408.661996,1.0,1.0
MA1175.2,1755.4255,3137.111922000001,1.0,1.0
MA1176.2,1541.4243,1877.3978029999998,1.0,1.0
MA1177.2,1269.23,1563.6889939999994,1.0,1.0
MA1178.3,1467.4417,1609.2994369999994,0.8316831683168316,1.0
MA1179.2,830.7255,1225.8618900000004,1.0,1.0
MA1180.2,2126.228,2066.3214359999997,0.33663366336633666,0.5151515151515151
MA1181.2,2866.3786,3993.5473670000006,1.0,1.0
MA1182.2,5699.00244,5934.972512000002,0.8613861386138614,1.0
MA1183.2,6278.93998,6278.0529001999985,0.5148514851485149,0.7536231884057971
MA1184.2,6167.3624,6483.5413770000005,0.9108910891089109,1.0
MA1185.2,5707.65036,6032.538373600005,0.900990099009901,1.0
MA1186.2,3843.1817,4104.913558000001,0.9207920792079208,1.0
MA1187.2,7094.93684,6250.182166399999,0.009900990099009901,0.01832460732984293
MA1188.1,6899.9229,5620.859498,0.009900990099009901,0.01832460732984293
MA1189.2,5166.8342,5755.0321859999995,0.9900990099009901,1.0
MA1190.2,6668.00057,6362.1525242000025,0.1188118811881188,0.1935483870967742
MA1191.2,5951.2756,6046.483807999999,0.6633663366336634,0.9398797595190382
MA1192.2,3215.3795,3757.542424999999,1.0,1.0
MA1193.2,4797.1961,5563.215342000001,1.0,1.0
MA1194.2,5670.4998,6086.980936000002,0.9504950495049505,1.0
MA1195.2,4734.4855,5363.727389999998,0.9900990099009901,1.0
MA1196.2,6764.7719,5155.126545,0.009900990099009901,0.01832460732984293
MA1197.2,848.6209,936.968263,0.7821782178217822,1.0
MA1198.2,4409.4148000000005,5192.043576000002,1.0,1.0
MA1199.1,5068.30312,3191.344368500001,0.009900990099009901,0.01832460732984293
MA1203.1,4821.59118,3001.0240002000005,0.009900990099009901,0.01832460732984293
MA1204.1,6993.44288,4920.645600999999,0.009900990099009901,0.01832460732984293
MA1205.1,7991.22792,4998.8177261,0.009900990099009901,0.01832460732984293
MA1207.2,3669.8003,2481.0177959999987,0.009900990099009901,0.01832460732984293
MA1208.2,5338.2111,5106.472088999999,0.18811881188118812,0.3009049773755656
MA1209.2,8994.2885,9736.035783,1.0,1.0
MA1210.3,4412.35,5104.234896,0.9900990099009901,1.0
MA1211.2,6644.6267,7813.005870000002,1.0,1.0
MA1212.2,5533.1784,6677.5559969999995,1.0,1.0
MA1213.3,5031.214,5839.080946000001,1.0,1.0
MA1214.2,6102.6968,6786.914843000001,0.9801980198019802,1.0
MA1215.2,8378.2504,8681.673089999998,0.801980198019802,1.0
MA1218.2,1180.002,1107.5914520000003,0.22772277227722773,0.3577777777777778
MA1219.3,1257.1016,767.1956699999998,0.009900990099009901,0.01832460732984293
MA1220.2,1249.3478,947.0904740000001,0.019801980198019802,0.035175879396984924
MA1221.1,2663.95439,459.24274810000003,0.009900990099009901,0.01832460732984293
MA1222.1,3182.27321,626.2700366000003,0.009900990099009901,0.01832460732984293
MA1223.2,1021.43991,961.1020328999996,0.27722772277227725,0.4279475982532751
MA1225.1,3982.19814,423.11548270000014,0.009900990099009901,0.01832460732984293
MA1226.2,3518.77246,575.3173030999999,0.009900990099009901,0.01832460732984293
MA1227.3,1152.8138999999999,1111.8010649999997,0.36633663366336633,0.5498938428874734
MA1228.2,2430.92425,428.17895890000005,0.009900990099009901,0.01832460732984293
MA1229.2,1246.2566,956.9924539999998,0.019801980198019802,0.035175879396984924
MA1230.2,1050.06,945.4292320000001,0.19801980198019803,0.31460674157303375
MA1231.3,1032.4611,493.8778050000001,0.009900990099009901,0.01832460732984293
MA1232.2,1522.6957,579.8641990000001,0.009900990099009901,0.01832460732984293
MA1233.3,1187.5223,855.3130329999997,0.009900990099009901,0.01832460732984293
MA1234.2,1209.7431,773.1011399999998,0.009900990099009901,0.01832460732984293
MA1235.1,1074.5151,1122.7105899999997,0.6732673267326733,0.9500998003992016
MA1238.3,1277.742,1005.9901259999997,0.009900990099009901,0.01832460732984293
MA1239.2,3136.1814,428.8824429000001,0.009900990099009901,0.01832460732984293
MA1240.2,2421.93956,474.9260349000001,0.009900990099009901,0.01832460732984293
MA1241.2,982.50011,883.7240299000001,0.16831683168316833,0.2698412698412699
MA1242.1,2983.45374,557.5379100000002,0.009900990099009901,0.01832460732984293
MA1243.2,1472.9394,1108.7969190000001,0.009900990099009901,0.01832460732984293
MA1244.2,1944.62096,509.63977059999996,0.009900990099009901,0.01832460732984293
MA1245.3,1823.4882,464.33349899999985,0.009900990099009901,0.01832460732984293
MA1246.2,2239.2274,456.4932209999999,0.009900990099009901,0.01832460732984293
MA1247.2,2050.19715,440.6540236999998,0.009900990099009901,0.01832460732984293
MA1248.2,1676.8184,704.5044809999998,0.009900990099009901,0.01832460732984293
MA1250.2,3348.09108,564.1418670999999,0.009900990099009901,0.01832460732984293
MA1251.2,1263.54522,870.6766703999995,0.009900990099009901,0.01832460732984293
MA1252.2,2156.18183,484.4735931,0.009900990099009901,0.01832460732984293
MA1253.2,1133.6691,1006.4779689999999,0.16831683168316833,0.2698412698412699
MA1256.2,1785.19703,539.9512622999999,0.009900990099009901,0.01832460732984293
MA1257.2,4250.60588,409.7375852,0.009900990099009901,0.01832460732984293
MA1258.2,1286.0894,961.4701329999999,0.009900990099009901,0.01832460732984293
MA1259.2,1367.6662000000001,836.0058040000002,0.009900990099009901,0.01832460732984293
MA1260.2,1640.15208,783.6177120000002,0.009900990099009901,0.01832460732984293
MA1261.2,1646.9208,621.3288480000002,0.009900990099009901,0.01832460732984293
MA1262.2,2891.24231,477.2182394999999,0.009900990099009901,0.01832460732984293
MA1263.2,1390.787,709.7156610000001,0.009900990099009901,0.01832460732984293
MA1264.2,2605.13635,424.89911950000004,0.009900990099009901,0.01832460732984293
MA1265.3,1277.262,773.240859,0.009900990099009901,0.01832460732984293
MA1266.2,1845.8937,491.944702,0.009900990099009901,0.01832460732984293
MA1267.2,35317.2603,9823.015242000001,0.009900990099009901,0.01832460732984293
MA1268.2,33553.66804,9489.1560345,0.009900990099009901,0.01832460732984293
MA1269.2,7784.2139,6206.715250000001,0.009900990099009901,0.01832460732984293
MA1270.2,17834.6829,7088.457989,0.009900990099009901,0.01832460732984293
MA1273.2,12133.9357,5184.525681,0.009900990099009901,0.01832460732984293
MA1274.1,75983.2177,12789.280383099995,0.009900990099009901,0.01832460732984293
MA1275.2,5553.0163999999995,5208.470530999998,0.1188118811881188,0.1935483870967742
MA1276.2,7498.0,4992.15,0.009900990099009901,0.01832460732984293
MA1277.2,16874.0408,6852.759183,0.009900990099009901,0.01832460732984293
MA1278.2,24197.5424,7857.048202000002,0.009900990099009901,0.01832460732984293
MA1279.2,18287.2703,7322.379960999996,0.009900990099009901,0.01832460732984293
MA1280.2,7764.733200000001,5169.740310000001,0.009900990099009901,0.01832460732984293
MA1281.2,38762.16831,9311.623598,0.009900990099009901,0.01832460732984293
MA1282.2,723.28932,506.26323190000005,0.009900990099009901,0.01832460732984293
MA1283.2,162.8201912,33.486742801999995,0.009900990099009901,0.01832460732984293
MA1284.2,790.37818,469.409549,0.009900990099009901,0.01832460732984293
MA1285.2,1129.88589,543.3444131,0.009900990099009901,0.01832460732984293
MA1286.2,911.3623,635.388912,0.009900990099009901,0.01832460732984293
MA1287.2,1144.51544,633.2410176999999,0.009900990099009901,0.01832460732984293
MA1288.2,1045.93934,597.7239592999999,0.009900990099009901,0.01832460732984293
MA1289.2,792.4389199999999,583.8769574999999,0.009900990099009901,0.01832460732984293
MA1290.1,966.71078,579.1703812999997,0.009900990099009901,0.01832460732984293
MA1291.1,1087.68213,579.8829211,0.009900990099009901,0.01832460732984293
MA1292.2,2551.2729,2963.9273498000002,1.0,1.0
MA1293.2,1871.28806,2247.0839639999995,0.9900990099009901,1.0
MA1294.2,1966.6047,2345.7739610000003,0.9801980198019802,1.0
MA1295.2,1846.7576000000001,1361.1974619999999,0.009900990099009901,0.01832460732984293
MA1296.2,2752.74536,1813.6692374999993,0.009900990099009901,0.01832460732984293
MA1297.2,3579.15857,2226.557958799999,0.009900990099009901,0.01832460732984293
MA1298.2,3716.499,2857.291936,0.009900990099009901,0.01832460732984293
MA1299.2,3646.72424,2335.570832800001,0.009900990099009901,0.01832460732984293
MA1300.2,1912.5983,1613.3539410000005,0.0297029702970297,0.0521091811414392
MA1301.2,3616.4984,2589.73714,0.009900990099009901,0.01832460732984293
MA1302.2,2830.28953,2101.1864921,0.009900990099009901,0.01832460732984293
MA1303.2,3220.54757,2476.4422001,0.009900990099009901,0.01832460732984293
MA1304.2,4660.2498,3353.6509929999993,0.009900990099009901,0.01832460732984293
MA1305.2,2262.1055,1819.6362799999995,0.009900990099009901,0.01832460732984293
MA1306.2,3428.53053,2452.5199174999993,0.009900990099009901,0.01832460732984293
MA1307.3,2001.5253,1339.2848469999997,0.009900990099009901,0.01832460732984293
MA1308.2,2153.24084,1818.2268737999993,0.009900990099009901,0.01832460732984293
MA1309.1,3885.3484,2558.2356999999993,0.009900990099009901,0.01832460732984293
MA1310.2,1950.9271,1646.9375460000003,0.0297029702970297,0.0521091811414392
MA1311.3,1008.5360000000001,682.2746039999998,0.009900990099009901,0.01832460732984293
MA1312.2,2167.0255,1641.987518,0.009900990099009901,0.01832460732984293
MA1313.2,3519.34784,2213.4697811999995,0.009900990099009901,0.01832460732984293
MA1314.2,2856.04558,2123.5904995,0.009900990099009901,0.01832460732984293
MA1315.2,3287.77323,2305.4146848000005,0.009900990099009901,0.01832460732984293
MA1316.2,4074.84693,3010.9966041000007,0.009900990099009901,0.01832460732984293
MA1317.2,3816.60613,3266.0880325000007,0.0297029702970297,0.0521091811414392
MA1318.2,3411.27295,2316.604087500001,0.009900990099009901,0.01832460732984293
MA1320.2,797.84207,1131.7813761999996,1.0,1.0
MA1321.2,859.4685000000001,1217.2356890000003,1.0,1.0
MA1322.3,536.3538,739.7757899999998,0.9900990099009901,1.0
MA1323.2,2360.9077,1707.0922809999995,0.009900990099009901,0.01832460732984293
MA1324.1,1715.8058,1345.5896379999997,0.019801980198019802,0.035175879396984924
MA1325.2,1548.9553,2115.8059699999994,1.0,1.0
MA1326.2,3541.1161,3848.7832609999987,0.9108910891089109,1.0
MA1328.1,11795.4319,11419.874925999995,0.22772277227722773,0.3577777777777778
MA1329.3,8577.3005,8868.004199999998,0.7524752475247525,1.0
MA1330.2,9973.686,10301.145574999995,0.8415841584158416,1.0
MA1331.2,1929.8330799999999,754.1560595,0.009900990099009901,0.01832460732984293
MA1332.2,1524.42495,680.1181913000001,0.009900990099009901,0.01832460732984293
MA1333.2,2678.63694,862.5175910999999,0.009900990099009901,0.01832460732984293
MA1334.2,1441.5458,932.7651547999999,0.009900990099009901,0.01832460732984293
MA1335.1,1927.77221,1513.5054851,0.009900990099009901,0.01832460732984293
MA1336.2,1538.13697,1501.6665847,0.4158415841584158,0.6189473684210526
MA1337.2,1498.96964,916.7447534999998,0.009900990099009901,0.01832460732984293
MA1338.3,3074.64469,918.7265726000002,0.009900990099009901,0.01832460732984293
MA1339.1,1107.12374,651.9145493,0.009900990099009901,0.01832460732984293
MA1340.2,2070.1661,990.8174716,0.009900990099009901,0.01832460732984293
MA1341.2,1418.84853,927.9274448999998,0.009900990099009901,0.01832460732984293
MA1343.2,794.4238,1048.0483630000003,0.9900990099009901,1.0
MA1344.2,2799.16565,1170.5560668,0.009900990099009901,0.01832460732984293
MA1345.2,1424.48483,897.2848365999998,0.009900990099009901,0.01832460732984293
MA1346.2,1663.3330799999999,1444.0273236999992,0.09900990099009901,0.16431924882629106
MA1348.1,1421.09114,1388.0699075,0.36633663366336633,0.5498938428874734
MA1349.2,2492.99945,895.3624130000003,0.009900990099009901,0.01832460732984293
MA1350.1,1005.84128,567.9865593,0.009900990099009901,0.01832460732984293
MA1351.3,1846.2914,955.5711839999997,0.009900990099009901,0.01832460732984293
MA1352.1,-1125.2998556,-909.124152265,0.9900990099009901,1.0
MA1353.2,5409.2286,2532.4781049000007,0.009900990099009901,0.01832460732984293
MA1354.1,-7066.124202,-5188.478967381002,1.0,1.0
MA1355.2,4215.50113,2518.4948664000003,0.009900990099009901,0.01832460732984293
MA1356.1,1879.6666008,543.2675785250001,0.009900990099009901,0.01832460732984293
MA1357.2,2469.78733,1711.9884696000008,0.009900990099009901,0.01832460732984293
MA1358.2,2141.3856,1385.0038920000004,0.009900990099009901,0.01832460732984293
MA1361.2,2127.05301,1026.7075165,0.009900990099009901,0.01832460732984293
MA1362.2,2526.8895,1138.8123280000002,0.009900990099009901,0.01832460732984293
MA1363.1,1995.01172,694.9190095999999,0.009900990099009901,0.01832460732984293
MA1364.2,2510.0913,820.63201,0.009900990099009901,0.01832460732984293
MA1365.3,3068.0,2700.88,0.06930693069306931,0.11835748792270533
MA1366.2,4779.6886,4369.221416,0.039603960396039604,0.06896551724137932
MA1367.2,3714.123,1805.7040080000008,0.009900990099009901,0.01832460732984293
MA1368.3,2710.44369,3346.0060330999986,1.0,1.0
MA1369.2,5359.4899000000005,7339.111465,1.0,1.0
MA1370.2,6527.75018,2793.8394848000007,0.009900990099009901,0.01832460732984293
MA1371.2,9579.51477,3459.3807065999995,0.009900990099009901,0.01832460732984293
MA1372.2,2529.1937,1741.0307470000002,0.009900990099009901,0.01832460732984293
MA1373.1,17662.51336,3670.525513900001,0.009900990099009901,0.01832460732984293
MA1374.2,6798.1207,2981.9782741000004,0.009900990099009901,0.01832460732984293
MA1375.2,5672.7113,7807.585274000004,1.0,1.0
MA1376.2,648.1591999999999,336.57695199999995,0.009900990099009901,0.01832460732984293
MA1377.2,785.88171,1023.8884311000002,1.0,1.0
MA1378.1,988.1213,1068.582969,0.7128712871287128,1.0
MA1379.1,19234.44709,12605.361464099999,0.009900990099009901,0.01832460732984293
MA1380.1,19187.46309,12858.517370500005,0.009900990099009901,0.01832460732984293
MA1381.2,1974.3752,1342.2072399999995,0.009900990099009901,0.01832460732984293
MA1382.2,856.25762,580.4154373,0.009900990099009901,0.01832460732984293
MA1383.2,5641.7294,6393.236543000001,1.0,1.0
MA1384.1,2960.3794,3407.3226190000014,0.9900990099009901,1.0
MA1385.2,5896.6516,6408.824506999998,0.9207920792079208,1.0
MA1386.3,3426.5445999999997,2539.416628,0.009900990099009901,0.01832460732984293
MA1387.2,4402.7122,3816.7953539999994,0.019801980198019802,0.035175879396984924
MA1388.2,3285.1452999999997,2260.5836020000006,0.009900990099009901,0.01832460732984293
MA1389.2,3018.5152199999998,3223.3680071,0.8415841584158416,1.0
MA1390.3,2676.5706,2084.3203620000004,0.009900990099009901,0.01832460732984293
MA1391.3,2035.2272,2522.4100670000007,1.0,1.0
MA1392.3,1251.9004,1715.577214,0.9900990099009901,1.0
MA1393.3,1326.5679,1333.1363430000006,0.5247524752475248,0.7649484536082474
MA1394.3,1601.0958,1815.7659890000002,0.900990099009901,1.0
MA1396.2,2286.061,2698.7003740000005,0.9405940594059405,1.0
MA1397.2,2812.3931000000002,3586.055936,1.0,1.0
MA1398.3,1547.5777,2126.31425,1.0,1.0
MA1400.2,3225.74265,3824.5653845000024,1.0,1.0
MA1401.2,4962.42244,5185.0291524,0.8415841584158416,1.0
MA1402.1,17540.0666034,-63.829746449,0.009900990099009901,0.01832460732984293
MA1403.1,-88388.8057352,-10162.169521700001,1.0,1.0
MA1404.1,24827.1992306,300.36121159000004,0.009900990099009901,0.01832460732984293
MA1405.2,868.0909,1525.6365620000008,1.0,1.0
MA1406.2,4261.1648000000005,5327.201578,1.0,1.0
MA1408.2,1435.748,2077.005461999999,1.0,1.0
MA1409.2,1359.5685,1866.2872680000003,1.0,1.0
MA1410.2,906.7168999999999,455.3927669999999,0.009900990099009901,0.01832460732984293
MA1411.2,968.7099999999999,735.7919840000001,0.0594059405940594,0.1016949152542373
MA1412.2,750.36008,509.8197047999999,0.0594059405940594,0.1016949152542373
MA1415.2,4815.11763,2047.0045824000001,0.009900990099009901,0.01832460732984293
MA1416.1,20886.12055,1032.4515890000005,0.009900990099009901,0.01832460732984293
MA1417.2,1710.30995,949.8760476999997,0.009900990099009901,0.01832460732984293
MA1424.2,1362.4266,747.9456379999997,0.009900990099009901,0.01832460732984293
MA1425.2,807.2964000000001,685.4789880000004,0.09900990099009901,0.16431924882629106
MA1426.2,357.6723,415.820228,0.7722772277227723,1.0
MA1427.3,2857.1424,2644.897536,0.1188118811881188,0.1935483870967742
MA1428.2,983.7587,542.2591770000002,0.009900990099009901,0.01832460732984293
MA1430.2,699.93447,486.6980111000001,0.019801980198019802,0.035175879396984924
MA1659.2,2282.7855,779.8611169999995,0.009900990099009901,0.01832460732984293
MA1660.2,4235.45941,2407.257767,0.009900990099009901,0.01832460732984293
MA1661.2,3563.0328,2651.226973000001,0.009900990099009901,0.01832460732984293
MA1662.2,2095.1838000000002,2823.480182000001,1.0,1.0
MA1663.3,3124.6213000000002,2137.386772,0.009900990099009901,0.01832460732984293
MA1664.3,2964.7407,2657.9230170000005,0.09900990099009901,0.16431924882629106
MA1665.3,3495.887,1944.4130309999996,0.009900990099009901,0.01832460732984293
MA1666.3,3282.0633,2148.793135999999,0.009900990099009901,0.01832460732984293
MA1667.3,2299.00906,2344.5465069,0.6039603960396039,0.8678861788617885
MA1669.2,850.8765,869.5000920000001,0.5742574257425742,0.8285714285714285
MA1670.2,864.2090000000001,874.8876610000002,0.5247524752475248,0.7649484536082474
MA1671.2,1403.9063,493.6884689999999,0.009900990099009901,0.01832460732984293
MA1672.2,2464.8008,986.580582,0.009900990099009901,0.01832460732984293
MA1673.2,1902.0347,861.4315490000001,0.009900990099009901,0.01832460732984293
MA1674.3,2843.344,2632.12416,0.1188118811881188,0.1935483870967742
MA1675.2,1343.243,1598.3928080000003,1.0,1.0
MA1676.3,3398.0856000000003,5182.3917200000005,1.0,1.0
MA1677.2,5054.595,2782.230535000001,0.009900990099009901,0.01832460732984293
MA1678.3,4838.3913,2330.7006080000006,0.009900990099009901,0.01832460732984293
MA1679.2,1266.0478,876.8226630000005,0.009900990099009901,0.01832460732984293
MA1681.2,2785.928,2861.584895999998,0.6633663366336634,0.9398797595190382
MA1682.2,13343.09824,8412.445402000001,0.009900990099009901,0.01832460732984293
MA1685.2,1819.44896,988.4665768,0.009900990099009901,0.01832460732984293
MA1686.1,772.01115,611.4216695000002,0.019801980198019802,0.035175879396984924
MA1687.1,443.44737,435.90278120000005,0.46534653465346537,0.6854166666666667
MA1688.2,4225.3082,2078.7646139999997,0.009900990099009901,0.01832460732984293
MA1689.2,2133.55,1580.606513,0.009900990099009901,0.01832460732984293
MA1690.2,1673.09178,941.7434222000004,0.009900990099009901,0.01832460732984293
MA1691.2,1197.5203,1436.521599,0.9702970297029703,1.0
MA1692.2,1277.6229,1019.8132540000006,0.019801980198019802,0.035175879396984924
MA1693.2,1059.7142999999999,1139.4000189999992,0.7227722772277227,1.0
MA1694.2,977.602,926.2410209999996,0.32673267326732675,0.5021739130434782
MA1695.2,849.71537,742.2129881999998,0.1485148514851485,0.24027459954233407
MA1696.2,1106.9903,950.7925879999998,0.07920792079207921,0.1339712918660287
MA1697.2,1471.7706,1210.4856400000003,0.019801980198019802,0.035175879396984924
MA1698.2,1285.6266,788.7870059999993,0.009900990099009901,0.01832460732984293
MA1706.2,2488.3314,3424.679222999999,1.0,1.0
MA1732.1,332.8851238,1.582122357,0.009900990099009901,0.01832460732984293
MA1733.2,1858.1448,1863.75646,0.49504950495049505,0.7276507276507277
MA1734.1,2430.39323,1474.449341900001,0.009900990099009901,0.01832460732984293
MA1735.2,5732.5734,5719.129849000002,0.46534653465346537,0.6854166666666667
MA1737.2,1331.1464,1180.1301360000002,0.10891089108910891,0.18032786885245902
MA1738.1,3348.2789,2252.206083,0.009900990099009901,0.01832460732984293
MA1739.2,1824.592,1335.9923279999994,0.009900990099009901,0.01832460732984293
MA1740.2,2100.5829,762.9523079999999,0.009900990099009901,0.01832460732984293
MA1741.1,2506.6779,2583.696759,0.7227722772277227,1.0
MA1742.2,1025.3444,1072.9719189999994,0.6534653465346535,0.9295774647887325
MA1743.2,2089.98418,957.1121384000002,0.009900990099009901,0.01832460732984293
MA1744.2,764.2094999999999,1004.9759610000004,0.9900990099009901,1.0
MA1745.2,1657.6892,989.3914919999994,0.009900990099009901,0.01832460732984293
MA1746.1,662.99991,910.7960637999997,1.0,1.0
MA1747.2,3748.45862,2925.5160081,0.009900990099009901,0.01832460732984293
MA1749.1,1006.73776,851.7542525,0.019801980198019802,0.035175879396984924
MA1750.1,332.8851238,1.582122357,0.009900990099009901,0.01832460732984293
MA1751.2,2231.6671,2594.842145999998,0.9801980198019802,1.0
MA1752.2,928.2289000000001,872.1929500000002,0.24752475247524752,0.3854625550660793
MA1753.2,3579.22992,498.2387447999999,0.009900990099009901,0.01832460732984293
MA1754.2,1959.47641,450.2839222,0.009900990099009901,0.01832460732984293
MA1756.2,1146.8864,1348.2431599999995,0.9504950495049505,1.0
MA1757.2,5275.3555,7424.312475000001,1.0,1.0
MA1758.2,2873.03286,2066.7285805000006,0.009900990099009901,0.01832460732984293
MA1759.2,2902.03293,2779.9444109999995,0.26732673267326734,0.41356673960612694
MA1760.1,1828.59035,1554.7629610999993,0.0297029702970297,0.0521091811414392
MA1761.2,3921.7541,3653.4066213,0.13861386138613863,0.22528735632183908
MA1762.2,2537.8205,1849.0206310000003,0.009900990099009901,0.01832460732984293
MA1764.2,1484.55904,1925.1422376000007,1.0,1.0
MA1765.2,1772.0656,2433.3312410000012,1.0,1.0
MA1766.2,2215.9676,1834.8600940000013,0.009900990099009901,0.01832460732984293
MA1768.2,2821.5739,1692.6289120000001,0.009900990099009901,0.01832460732984293
MA1769.2,3269.4608,2866.088886999999,0.009900990099009901,0.01832460732984293
MA1770.2,2757.7863,2122.510848,0.009900990099009901,0.01832460732984293
MA1771.2,2194.3278,2546.415862,0.9603960396039604,1.0
MA1772.2,3073.0325,2493.8675059999996,0.009900990099009901,0.01832460732984293
MA1773.2,2610.0983,2169.159832999999,0.009900990099009901,0.01832460732984293
MA1774.2,3088.9005,1942.3531989999992,0.009900990099009901,0.01832460732984293
MA1775.2,1760.8965,1220.4253829999993,0.009900990099009901,0.01832460732984293
MA1776.2,1866.3273,1469.4984089999996,0.009900990099009901,0.01832460732984293
MA1777.2,2456.9008,2323.9832059999994,0.19801980198019803,0.31460674157303375
MA1778.2,4018.3608,3594.369435,0.009900990099009901,0.01832460732984293
MA1779.2,2739.2815,1312.5219230000002,0.009900990099009901,0.01832460732984293
MA1780.2,1001.968,1350.277126,1.0,1.0
MA1781.2,2442.5746,1844.6915170000004,0.009900990099009901,0.01832460732984293
MA1783.1,4297.18024,3364.1544864000007,0.009900990099009901,0.01832460732984293
MA1784.1,2583.37696,1688.3801918,0.009900990099009901,0.01832460732984293
MA1785.2,1207.9502,1620.0803830000002,1.0,1.0
MA1786.2,337.25246000000004,564.7986785999998,1.0,1.0
MA1787.2,1352.361,1598.9943720000017,0.9801980198019802,1.0
MA1788.1,1964.80347,1618.5647963000001,0.019801980198019802,0.035175879396984924
MA1789.1,3190.2132,1925.533111,0.009900990099009901,0.01832460732984293
MA1790.1,3260.9358,2039.2983440000003,0.009900990099009901,0.01832460732984293
MA1791.1,2744.55789,2371.8663756999995,0.039603960396039604,0.06896551724137932
MA1792.1,2235.29036,1975.2171993000002,0.1188118811881188,0.1935483870967742
MA1794.2,3047.772,2177.8364030000002,0.009900990099009901,0.01832460732984293
MA1795.2,943.934,634.942905,0.009900990099009901,0.01832460732984293
MA1796.1,632.0787,1005.3941880000001,1.0,1.0
MA1797.1,2538.7583,2242.8427879999995,0.09900990099009901,0.16431924882629106
MA1800.1,2498.1423,2203.950215,0.0891089108910891,0.14928909952606637
MA1802.2,2034.8429999999998,1165.2153600000008,0.009900990099009901,0.01832460732984293
MA1803.2,973.11455,1211.8566535,0.9702970297029703,1.0
MA1805.2,957.416,647.691924,0.009900990099009901,0.01832460732984293
MA1807.2,6414.6067,7413.591694999997,1.0,1.0
MA1808.2,1755.7395999999999,820.4545540000003,0.009900990099009901,0.01832460732984293
MA1809.2,1089.2121,1047.4053810000003,0.38613861386138615,0.5771670190274841
MA1810.2,1981.1625000000001,1595.6683830000004,0.019801980198019802,0.035175879396984924
MA1811.2,1774.5319,828.1188280000001,0.009900990099009901,0.01832460732984293
MA1812.2,7317.7663,1112.5413959999998,0.009900990099009901,0.01832460732984293
MA1813.2,3459.1635,3540.506108,0.6534653465346535,0.9295774647887325
MA1814.2,10033.12,4654.95496,0.009900990099009901,0.01832460732984293
MA1815.2,1927.7693,692.8199700000001,0.009900990099009901,0.01832460732984293
MA1817.2,1214.15733,321.27498400000013,0.009900990099009901,0.01832460732984293
MA1818.1,1391.71135,443.3437365000002,0.009900990099009901,0.01832460732984293
MA1819.2,1574.5991,358.862516,0.009900990099009901,0.01832460732984293
MA1820.2,1476.6734900000001,322.1728403000001,0.009900990099009901,0.01832460732984293
MA1821.2,823.61582,231.97025370000003,0.009900990099009901,0.01832460732984293
MA1822.2,1058.2587,1231.4131229999998,0.8712871287128713,1.0
MA1823.2,16145.112000000001,4550.918719999999,0.009900990099009901,0.01832460732984293
MA1824.2,3880.0748,4291.910677999999,0.9504950495049505,1.0
MA1827.2,1115.7574,1367.2415960000008,0.9900990099009901,1.0
MA1828.2,1599.6876,898.4982810000002,0.009900990099009901,0.01832460732984293
MA1829.2,1025.32,1381.7468649999996,1.0,1.0
MA1830.2,7519.528,6443.15456,0.009900990099009901,0.01832460732984293
MA1831.2,1911.7163,501.40686500000027,0.009900990099009901,0.01832460732984293
MA1832.2,1324.26547,419.23861259999995,0.009900990099009901,0.01832460732984293
MA1833.2,1647.38732,324.6565597,0.009900990099009901,0.01832460732984293
MA1834.2,1511.1495,544.6294350000001,0.009900990099009901,0.01832460732984293
MA1835.2,1247.9018,1509.9648959999997,0.9603960396039604,1.0
MA2005.2,1772.40985,1147.9885697999996,0.009900990099009901,0.01832460732984293
MA2006.2,3494.31115,2233.112127999999,0.009900990099009901,0.01832460732984293
MA2007.2,4535.3974,1719.1735800000004,0.009900990099009901,0.01832460732984293
MA2008.2,1355.4942,1764.7010459999992,1.0,1.0
MA2009.2,3469.3944,2799.1534466000007,0.009900990099009901,0.01832460732984293
MA2010.2,2077.647,1370.617429999999,0.009900990099009901,0.01832460732984293
MA2011.2,1366.8538,928.4355920000005,0.009900990099009901,0.01832460732984293
MA2013.2,2222.16136,411.90451409999986,0.009900990099009901,0.01832460732984293
MA2014.2,2524.0108,980.3783600000002,0.009900990099009901,0.01832460732984293
MA2015.2,1131.047,1424.2824079999998,1.0,1.0
MA2016.2,1169.9687999999999,1375.3780949999998,0.9504950495049505,1.0
MA2017.2,1185.6834999999999,746.8315960000001,0.009900990099009901,0.01832460732984293
MA2018.2,2214.5974,1808.8816150000007,0.009900990099009901,0.01832460732984293
MA2019.2,3047.5972,1665.2967350000001,0.009900990099009901,0.01832460732984293
MA2020.2,3410.012,2207.9857289999995,0.009900990099009901,0.01832460732984293
MA2021.2,1779.8048000000001,743.222988,0.009900990099009901,0.01832460732984293
MA2022.2,2672.81791,350.93096390000005,0.009900990099009901,0.01832460732984293
MA2023.2,1830.20943,2703.572976499999,1.0,1.0
MA2024.2,2025.55264,1302.4748619999996,0.009900990099009901,0.01832460732984293
MA2025.2,4609.0602,2092.6258839999996,0.009900990099009901,0.01832460732984293
MA2026.2,2873.0647,2863.29239,0.5148514851485149,0.7536231884057971
MA2027.2,1686.8881,1824.5098970000013,0.801980198019802,1.0
MA2028.2,2798.4738,3175.408625,0.9801980198019802,1.0
MA2029.2,1032.97361,793.6478083000002,0.009900990099009901,0.01832460732984293
MA2030.2,2616.5003,1692.30702,0.009900990099009901,0.01832460732984293
MA2031.2,1163.3463,1350.1071630000004,0.9306930693069307,1.0
MA2032.2,4354.2785,2090.554127,0.009900990099009901,0.01832460732984293
MA2033.2,2894.60593,2512.426292499999,0.04950495049504951,0.08515815085158152
MA2034.2,2831.8528,2621.4865919999993,0.1188118811881188,0.1935483870967742
MA2035.2,3156.25795,2269.5810138,0.009900990099009901,0.01832460732984293
MA2036.2,2082.9435000000003,1374.1115150000003,0.009900990099009901,0.01832460732984293
MA2037.2,2850.288,2638.552320000001,0.1188118811881188,0.1935483870967742
MA2038.2,1972.2923999999998,2532.8785860000007,1.0,1.0
MA2039.2,2329.7045,596.7862099999999,0.009900990099009901,0.01832460732984293
MA2040.2,2608.3627,592.9192330000002,0.009900990099009901,0.01832460732984293
MA2041.2,2584.0567,1381.0097929999997,0.009900990099009901,0.01832460732984293
MA2042.2,2774.9352,1312.7858390000004,0.009900990099009901,0.01832460732984293
MA2043.2,4948.514999999999,2723.8402949999995,0.009900990099009901,0.01832460732984293
MA2044.2,2075.964,1369.5071599999999,0.009900990099009901,0.01832460732984293
MA2045.2,3263.59721,2834.9130896000006,0.019801980198019802,0.035175879396984924
MA2046.2,647.8442,955.7396659999998,1.0,1.0
MA2047.2,2129.853,1405.0575700000006,0.009900990099009901,0.01832460732984293
MA2048.2,3793.2351,1919.9343050000007,0.009900990099009901,0.01832460732984293
MA2049.2,5075.148,2793.5436439999994,0.009900990099009901,0.01832460732984293
MA2050.2,2108.9970000000003,1391.29893,0.009900990099009901,0.01832460732984293
MA2051.2,3127.5555,2964.4627179999998,0.19801980198019803,0.31460674157303375
MA2052.2,4762.6393,4935.321270999998,0.7326732673267327,1.0
MA2053.2,3023.0299,1866.0159820000013,0.009900990099009901,0.01832460732984293
MA2055.1,1086.3698,1094.3814919999998,0.5346534653465347,0.7761806981519508
MA2057.1,2280.3528,972.7898580000002,0.009900990099009901,0.01832460732984293
MA2060.1,2650.0177,919.168851,0.009900990099009901,0.01832460732984293
MA2061.1,2159.9022,777.9159100000003,0.009900990099009901,0.01832460732984293
MA2064.1,2205.3423,783.8769010000003,0.009900990099009901,0.01832460732984293
MA2065.1,1171.3594,732.7432899999999,0.009900990099009901,0.01832460732984293
MA2066.1,959.1795,1335.9837969999996,0.9900990099009901,1.0
MA2067.1,2038.33059,712.6305296,0.009900990099009901,0.01832460732984293
MA2068.1,1572.866,871.8421230000002,0.009900990099009901,0.01832460732984293
MA2071.1,2499.1955,936.0813440000001,0.009900990099009901,0.01832460732984293
MA2072.1,964.9187,1073.2693510000006,0.7623762376237624,1.0
MA2074.1,1499.1325,510.0254009999998,0.009900990099009901,0.01832460732984293
MA2075.1,2969.7707,1029.757912,0.009900990099009901,0.01832460732984293
MA2076.1,2052.5012,683.8458550000003,0.009900990099009901,0.01832460732984293
MA2077.1,2432.3225,1039.3170060000002,0.009900990099009901,0.01832460732984293
MA2078.1,1622.9014,499.995013,0.009900990099009901,0.01832460732984293
MA2079.1,632.5161,431.88021900000024,0.019801980198019802,0.035175879396984924
MA2083.1,1320.3539,1368.2179210000004,0.6732673267326733,0.9500998003992016
MA2086.1,1922.8524,978.069379,0.009900990099009901,0.01832460732984293
MA2087.1,2941.788,812.0139510000001,0.009900990099009901,0.01832460732984293
MA2088.1,751.6715999999999,484.45219600000036,0.019801980198019802,0.035175879396984924
MA2089.1,949.6800000000001,642.4585200000002,0.009900990099009901,0.01832460732984293
MA2091.1,926.5791,1101.9523189999993,0.9207920792079208,1.0
MA2092.1,1903.74,1399.454989,0.009900990099009901,0.01832460732984293
MA2104.1,6840.90006,3563.9335301999986,0.009900990099009901,0.01832460732984293
MA2106.1,1589.9814999999999,1683.4055740000006,0.7821782178217822,1.0
MA2343.1,1149.7655,1139.004819,0.43564356435643564,0.6470588235294117
MA2344.1,9882.29282,9135.078038899996,0.07920792079207921,0.1339712918660287
MA2348.1,9963.75398,3330.882301399999,0.009900990099009901,0.01832460732984293
MA2349.1,3585.4938,4404.076711999999,1.0,1.0
MA2350.1,1350.0459999999998,770.3613,0.009900990099009901,0.01832460732984293
MA2351.1,1552.7849,2345.215796,1.0,1.0
MA2352.1,1684.2795,1554.3751179999995,0.1485148514851485,0.24027459954233407
MA2353.1,3935.1216,4921.141072900001,1.0,1.0
MA2354.1,815.3862,1354.6770329999997,1.0,1.0
MA2357.1,2258.378,1293.2185599999996,0.009900990099009901,0.01832460732984293
MA2359.1,2177.3381,2502.9657030000003,0.9900990099009901,1.0
MA2360.1,1347.7893,2105.9958030000007,1.0,1.0
MA2362.1,2142.0307,2554.9613979999995,0.9900990099009901,1.0
MA2363.1,456.0802,773.610616,1.0,1.0
MA2364.1,1066.8222,572.8005780000001,0.009900990099009901,0.01832460732984293
MA2365.1,1655.5728,1816.8624989999996,0.7920792079207921,1.0
MA2367.1,1704.6453,1704.2503660000002,0.5643564356435643,0.8176229508196721
MA2369.1,3402.2749,4761.888961,1.0,1.0
MA2371.1,3348.2789,2252.206083,0.009900990099009901,0.01832460732984293
MA2372.1,2520.3114,2097.331039,0.009900990099009901,0.01832460732984293
MA2374.1,6925.565,6719.695588000003,0.2871287128712871,0.4422657952069716
MA2375.1,2412.67161,851.0826102999998,0.009900990099009901,0.01832460732984293
MA2376.1,900.4095,955.3369439999999,0.7326732673267327,1.0
MA2377.1,892.2471,533.4615210000002,0.009900990099009901,0.01832460732984293
MA2380.1,9301.1167,6203.740605999999,0.009900990099009901,0.01832460732984293
MA2384.1,2221.3236,755.526608,0.009900990099009901,0.01832460732984293
MA2386.1,875.8687,633.6472899999999,0.009900990099009901,0.01832460732984293
MA2387.1,843.0656,811.5076609999996,0.33663366336633666,0.5151515151515151
MA2388.1,2267.427,2403.7442679999995,0.7722772277227723,1.0
MA2389.1,2045.5969,935.5828539999999,0.009900990099009901,0.01832460732984293
MA2390.1,1009.9669,561.0469249999999,0.009900990099009901,0.01832460732984293
MA2391.1,890.9511,960.5255780000003,0.7029702970297029,0.9900398406374502
MA2392.1,848.083,958.7976120000004,0.8712871287128713,1.0
MA2393.1,866.5083,419.224968,0.009900990099009901,0.01832460732984293
MA2395.1,1052.0835,970.3897380000001,0.2376237623762376,0.3725055432372505
MA2396.1,5904.85264,3228.7981185,0.009900990099009901,0.01832460732984293
MA2398.1,2536.60674,389.183117,0.009900990099009901,0.01832460732984293
MA2399.1,783.0198899999999,401.50756240000004,0.009900990099009901,0.01832460732984293
MA2400.1,1252.2067,794.6054929999998,0.009900990099009901,0.01832460732984293
MA2401.1,2881.73049,901.9835802999999,0.009900990099009901,0.01832460732984293
MA2404.1,2526.6199,1152.285449,0.009900990099009901,0.01832460732984293
MA2406.1,2131.7646,771.9338410000004,0.009900990099009901,0.01832460732984293
MA2407.1,1617.2511,638.7560100000001,0.009900990099009901,0.01832460732984293
MA2408.1,170.67347,290.0658143,0.9900990099009901,1.0
MA2409.1,2463.9103,2156.104385,0.04950495049504951,0.08515815085158152
MA2410.1,1531.7209,1585.7258049999991,0.6237623762376238,0.8945233265720082
MA2411.1,3158.4687,3184.8624590000004,0.5742574257425742,0.8285714285714285
MA2412.1,2234.1066,1930.5354139999995,0.039603960396039604,0.06896551724137932
MA2413.1,2702.71775,851.4070382999997,0.009900990099009901,0.01832460732984293
MA2414.1,843.0615,929.4457619999998,0.7821782178217822,1.0
MA2415.1,1137.2932,616.9748410999999,0.009900990099009901,0.01832460732984293
MA2416.1,1230.19589,353.26674470000006,0.009900990099009901,0.01832460732984293
MA2417.1,732.528,680.7226180000002,0.24752475247524752,0.3854625550660793
MA2418.1,1127.8448,530.2404019999999,0.009900990099009901,0.01832460732984293
MA2419.1,2356.8723,2550.000803,0.8811881188118812,1.0
MA2420.1,2385.6891,2940.429107999999,1.0,1.0
MA2421.1,2269.8976000000002,2926.755434,1.0,1.0
MA2422.1,1720.0006,1062.5276189999997,0.009900990099009901,0.01832460732984293
MA2423.1,1596.3873,745.2250245999999,0.009900990099009901,0.01832460732984293
MA2424.1,1582.29504,824.7391044999999,0.009900990099009901,0.01832460732984293
MA2425.1,358.93553,995.4507459000001,1.0,1.0
MA2426.1,483.97266,694.2615499999997,0.9801980198019802,1.0
MA2427.1,363.88613,814.4874695999999,1.0,1.0
MA2428.1,290.12217,647.2448082999998,1.0,1.0
MA2429.1,459.05504,639.3169668000002,0.9801980198019802,1.0
MA2430.1,339.17726,799.3810208999998,1.0,1.0
MA2431.1,406.55976,913.0932876000002,1.0,1.0
MA2432.1,3705.9826,5003.076509999998,1.0,1.0
MA2433.1,687.4634,1152.3879669999997,1.0,1.0
MA2434.1,643.70769,1142.1524193999999,1.0,1.0
MA2435.1,406.32091,894.4545699,1.0,1.0
MA2436.1,337.22932,808.8334039000001,1.0,1.0
MA2437.1,353.23583,646.4135774999999,1.0,1.0
MA2438.1,685.77249,985.4172315000001,1.0,1.0
MA2439.1,350.54839,691.9912153000001,1.0,1.0
MA2440.1,424.98989,863.6428498,1.0,1.0
MA2441.1,713.1465,1234.8243526999995,1.0,1.0
MA2442.1,393.48776,856.6017504999996,1.0,1.0
MA2443.1,358.86299,767.6479693000002,1.0,1.0
MA2444.1,338.38706,729.0922804000002,1.0,1.0
MA2445.1,756.0001,1151.3251447000005,1.0,1.0
MA2446.1,444.0401,827.9209755999999,1.0,1.0
MA2447.1,1293.6585,2576.429775,1.0,1.0
MA2448.1,361.54485,764.8948242,1.0,1.0
MA2449.1,577.03244,1041.3273409999997,1.0,1.0
MA2450.1,643.75585,1052.3044789,1.0,1.0
MA2451.1,481.45862,671.7595484000001,0.9603960396039604,1.0
MA2452.1,1811.6703,2816.0222849999996,1.0,1.0
MA2453.1,1791.5763,2744.9569590000006,1.0,1.0
MA2454.1,2541.7653,3848.0185140000003,1.0,1.0
MA2455.1,472.79048,825.2676430000002,1.0,1.0
